<?xml version="1.0" encoding="UTF-8"?>
<gpx version="1.1" creator="OTRI example generator" xmlns="http://www.topografix.com/GPX/1/1">
  <metadata><name>OTRI Example Trail 24K (synthetic)</name></metadata>
  <trk>
    <name>OTRI Example Trail 24K (synthetic)</name>
    <trkseg>
      <trkpt lat="13.620000" lon="100.514650"><ele>120.0</ele></trkpt>
      <trkpt lat="13.620139" lon="100.514736"><ele>120.0</ele></trkpt>
      <trkpt lat="13.620278" lon="100.514820"><ele>120.1</ele></trkpt>
      <trkpt lat="13.620418" lon="100.514902"><ele>120.2</ele></trkpt>
      <trkpt lat="13.620558" lon="100.514982"><ele>120.3</ele></trkpt>
      <trkpt lat="13.620699" lon="100.515060"><ele>120.5</ele></trkpt>
      <trkpt lat="13.620841" lon="100.515136"><ele>120.7</ele></trkpt>
      <trkpt lat="13.620984" lon="100.515210"><ele>121.0</ele></trkpt>
      <trkpt lat="13.621126" lon="100.515282"><ele>121.3</ele></trkpt>
      <trkpt lat="13.621270" lon="100.515351"><ele>121.6</ele></trkpt>
      <trkpt lat="13.621414" lon="100.515419"><ele>122.0</ele></trkpt>
      <trkpt lat="13.621558" lon="100.515484"><ele>122.4</ele></trkpt>
      <trkpt lat="13.621703" lon="100.515547"><ele>122.8</ele></trkpt>
      <trkpt lat="13.621849" lon="100.515608"><ele>123.3</ele></trkpt>
      <trkpt lat="13.621994" lon="100.515667"><ele>123.8</ele></trkpt>
      <trkpt lat="13.622141" lon="100.515724"><ele>124.4</ele></trkpt>
      <trkpt lat="13.622287" lon="100.515778"><ele>125.0</ele></trkpt>
      <trkpt lat="13.622434" lon="100.515831"><ele>125.6</ele></trkpt>
      <trkpt lat="13.622581" lon="100.515881"><ele>126.3</ele></trkpt>
      <trkpt lat="13.622729" lon="100.515929"><ele>127.0</ele></trkpt>
      <trkpt lat="13.622877" lon="100.515974"><ele>127.7</ele></trkpt>
      <trkpt lat="13.623025" lon="100.516018"><ele>128.5</ele></trkpt>
      <trkpt lat="13.623174" lon="100.516059"><ele>129.3</ele></trkpt>
      <trkpt lat="13.623322" lon="100.516099"><ele>130.2</ele></trkpt>
      <trkpt lat="13.623471" lon="100.516135"><ele>131.0</ele></trkpt>
      <trkpt lat="13.623621" lon="100.516170"><ele>132.0</ele></trkpt>
      <trkpt lat="13.623770" lon="100.516203"><ele>132.9</ele></trkpt>
      <trkpt lat="13.623919" lon="100.516233"><ele>133.9</ele></trkpt>
      <trkpt lat="13.624069" lon="100.516261"><ele>134.9</ele></trkpt>
      <trkpt lat="13.624219" lon="100.516287"><ele>135.9</ele></trkpt>
      <trkpt lat="13.624369" lon="100.516311"><ele>137.0</ele></trkpt>
      <trkpt lat="13.624519" lon="100.516332"><ele>138.1</ele></trkpt>
      <trkpt lat="13.624669" lon="100.516352"><ele>139.2</ele></trkpt>
      <trkpt lat="13.624819" lon="100.516369"><ele>140.3</ele></trkpt>
      <trkpt lat="13.624969" lon="100.516384"><ele>141.5</ele></trkpt>
      <trkpt lat="13.625119" lon="100.516397"><ele>142.7</ele></trkpt>
      <trkpt lat="13.625269" lon="100.516408"><ele>144.0</ele></trkpt>
      <trkpt lat="13.625419" lon="100.516416"><ele>145.2</ele></trkpt>
      <trkpt lat="13.625569" lon="100.516422"><ele>146.5</ele></trkpt>
      <trkpt lat="13.625718" lon="100.516427"><ele>147.8</ele></trkpt>
      <trkpt lat="13.625868" lon="100.516429"><ele>149.1</ele></trkpt>
      <trkpt lat="13.626018" lon="100.516429"><ele>150.5</ele></trkpt>
      <trkpt lat="13.626167" lon="100.516427"><ele>151.8</ele></trkpt>
      <trkpt lat="13.626316" lon="100.516423"><ele>153.2</ele></trkpt>
      <trkpt lat="13.626466" lon="100.516417"><ele>154.6</ele></trkpt>
      <trkpt lat="13.626615" lon="100.516408"><ele>156.1</ele></trkpt>
      <trkpt lat="13.626763" lon="100.516398"><ele>157.5</ele></trkpt>
      <trkpt lat="13.626912" lon="100.516386"><ele>159.0</ele></trkpt>
      <trkpt lat="13.627060" lon="100.516371"><ele>160.5</ele></trkpt>
      <trkpt lat="13.627208" lon="100.516355"><ele>162.0</ele></trkpt>
      <trkpt lat="13.627356" lon="100.516337"><ele>163.5</ele></trkpt>
      <trkpt lat="13.627503" lon="100.516316"><ele>165.0</ele></trkpt>
      <trkpt lat="13.627650" lon="100.516294"><ele>166.5</ele></trkpt>
      <trkpt lat="13.627797" lon="100.516270"><ele>168.1</ele></trkpt>
      <trkpt lat="13.627944" lon="100.516244"><ele>169.7</ele></trkpt>
      <trkpt lat="13.628090" lon="100.516216"><ele>171.2</ele></trkpt>
      <trkpt lat="13.628236" lon="100.516186"><ele>172.8</ele></trkpt>
      <trkpt lat="13.628381" lon="100.516154"><ele>174.4</ele></trkpt>
      <trkpt lat="13.628526" lon="100.516121"><ele>176.0</ele></trkpt>
      <trkpt lat="13.628671" lon="100.516085"><ele>177.6</ele></trkpt>
      <trkpt lat="13.628815" lon="100.516048"><ele>179.2</ele></trkpt>
      <trkpt lat="13.628959" lon="100.516009"><ele>180.9</ele></trkpt>
      <trkpt lat="13.629102" lon="100.515968"><ele>182.5</ele></trkpt>
      <trkpt lat="13.629245" lon="100.515926"><ele>184.1</ele></trkpt>
      <trkpt lat="13.629387" lon="100.515882"><ele>185.8</ele></trkpt>
      <trkpt lat="13.629529" lon="100.515836"><ele>187.4</ele></trkpt>
      <trkpt lat="13.629671" lon="100.515789"><ele>189.0</ele></trkpt>
      <trkpt lat="13.629812" lon="100.515739"><ele>190.7</ele></trkpt>
      <trkpt lat="13.629952" lon="100.515689"><ele>192.3</ele></trkpt>
      <trkpt lat="13.630092" lon="100.515636"><ele>193.9</ele></trkpt>
      <trkpt lat="13.630231" lon="100.515583"><ele>195.6</ele></trkpt>
      <trkpt lat="13.630370" lon="100.515527"><ele>197.2</ele></trkpt>
      <trkpt lat="13.630509" lon="100.515470"><ele>198.8</ele></trkpt>
      <trkpt lat="13.630647" lon="100.515412"><ele>200.5</ele></trkpt>
      <trkpt lat="13.630784" lon="100.515352"><ele>202.1</ele></trkpt>
      <trkpt lat="13.630921" lon="100.515290"><ele>203.7</ele></trkpt>
      <trkpt lat="13.631057" lon="100.515228"><ele>205.3</ele></trkpt>
      <trkpt lat="13.631192" lon="100.515163"><ele>206.9</ele></trkpt>
      <trkpt lat="13.631327" lon="100.515098"><ele>208.5</ele></trkpt>
      <trkpt lat="13.631462" lon="100.515031"><ele>210.1</ele></trkpt>
      <trkpt lat="13.631596" lon="100.514963"><ele>211.6</ele></trkpt>
      <trkpt lat="13.631729" lon="100.514893"><ele>213.2</ele></trkpt>
      <trkpt lat="13.631861" lon="100.514822"><ele>214.8</ele></trkpt>
      <trkpt lat="13.631993" lon="100.514750"><ele>216.3</ele></trkpt>
      <trkpt lat="13.632125" lon="100.514677"><ele>217.8</ele></trkpt>
      <trkpt lat="13.632256" lon="100.514602"><ele>219.3</ele></trkpt>
      <trkpt lat="13.632386" lon="100.514527"><ele>220.9</ele></trkpt>
      <trkpt lat="13.632516" lon="100.514450"><ele>222.3</ele></trkpt>
      <trkpt lat="13.632645" lon="100.514372"><ele>223.8</ele></trkpt>
      <trkpt lat="13.632773" lon="100.514293"><ele>225.3</ele></trkpt>
      <trkpt lat="13.632901" lon="100.514213"><ele>226.7</ele></trkpt>
      <trkpt lat="13.633028" lon="100.514132"><ele>228.2</ele></trkpt>
      <trkpt lat="13.633155" lon="100.514050"><ele>229.6</ele></trkpt>
      <trkpt lat="13.633281" lon="100.513967"><ele>231.0</ele></trkpt>
      <trkpt lat="13.633406" lon="100.513883"><ele>232.4</ele></trkpt>
      <trkpt lat="13.633531" lon="100.513797"><ele>233.7</ele></trkpt>
      <trkpt lat="13.633655" lon="100.513711"><ele>235.1</ele></trkpt>
      <trkpt lat="13.633778" lon="100.513625"><ele>236.4</ele></trkpt>
      <trkpt lat="13.633901" lon="100.513537"><ele>237.7</ele></trkpt>
      <trkpt lat="13.634023" lon="100.513448"><ele>239.0</ele></trkpt>
      <trkpt lat="13.634145" lon="100.513359"><ele>240.2</ele></trkpt>
      <trkpt lat="13.634266" lon="100.513269"><ele>241.5</ele></trkpt>
      <trkpt lat="13.634387" lon="100.513178"><ele>242.7</ele></trkpt>
      <trkpt lat="13.634506" lon="100.513086"><ele>243.9</ele></trkpt>
      <trkpt lat="13.634626" lon="100.512993"><ele>245.1</ele></trkpt>
      <trkpt lat="13.634744" lon="100.512900"><ele>246.3</ele></trkpt>
      <trkpt lat="13.634863" lon="100.512806"><ele>247.4</ele></trkpt>
      <trkpt lat="13.634980" lon="100.512712"><ele>248.6</ele></trkpt>
      <trkpt lat="13.635097" lon="100.512617"><ele>249.7</ele></trkpt>
      <trkpt lat="13.635213" lon="100.512521"><ele>250.7</ele></trkpt>
      <trkpt lat="13.635329" lon="100.512424"><ele>251.8</ele></trkpt>
      <trkpt lat="13.635444" lon="100.512327"><ele>252.8</ele></trkpt>
      <trkpt lat="13.635559" lon="100.512230"><ele>253.8</ele></trkpt>
      <trkpt lat="13.635673" lon="100.512132"><ele>254.8</ele></trkpt>
      <trkpt lat="13.635787" lon="100.512033"><ele>255.8</ele></trkpt>
      <trkpt lat="13.635900" lon="100.511934"><ele>256.8</ele></trkpt>
      <trkpt lat="13.636012" lon="100.511834"><ele>257.7</ele></trkpt>
      <trkpt lat="13.636124" lon="100.511734"><ele>258.6</ele></trkpt>
      <trkpt lat="13.636235" lon="100.511634"><ele>259.5</ele></trkpt>
      <trkpt lat="13.636346" lon="100.511533"><ele>260.3</ele></trkpt>
      <trkpt lat="13.636457" lon="100.511431"><ele>261.2</ele></trkpt>
      <trkpt lat="13.636567" lon="100.511330"><ele>262.0</ele></trkpt>
      <trkpt lat="13.636676" lon="100.511227"><ele>262.8</ele></trkpt>
      <trkpt lat="13.636785" lon="100.511125"><ele>263.6</ele></trkpt>
      <trkpt lat="13.636893" lon="100.511022"><ele>264.3</ele></trkpt>
      <trkpt lat="13.637001" lon="100.510919"><ele>265.0</ele></trkpt>
      <trkpt lat="13.637108" lon="100.510815"><ele>265.8</ele></trkpt>
      <trkpt lat="13.637215" lon="100.510712"><ele>266.5</ele></trkpt>
      <trkpt lat="13.637322" lon="100.510607"><ele>267.1</ele></trkpt>
      <trkpt lat="13.637428" lon="100.510503"><ele>267.8</ele></trkpt>
      <trkpt lat="13.637533" lon="100.510398"><ele>268.4</ele></trkpt>
      <trkpt lat="13.637638" lon="100.510294"><ele>269.0</ele></trkpt>
      <trkpt lat="13.637743" lon="100.510189"><ele>269.6</ele></trkpt>
      <trkpt lat="13.637847" lon="100.510083"><ele>270.2</ele></trkpt>
      <trkpt lat="13.637951" lon="100.509978"><ele>270.7</ele></trkpt>
      <trkpt lat="13.638055" lon="100.509872"><ele>271.3</ele></trkpt>
      <trkpt lat="13.638158" lon="100.509766"><ele>271.8</ele></trkpt>
      <trkpt lat="13.638260" lon="100.509660"><ele>272.3</ele></trkpt>
      <trkpt lat="13.638362" lon="100.509554"><ele>272.8</ele></trkpt>
      <trkpt lat="13.638464" lon="100.509447"><ele>273.3</ele></trkpt>
      <trkpt lat="13.638566" lon="100.509341"><ele>273.7</ele></trkpt>
      <trkpt lat="13.638667" lon="100.509234"><ele>274.2</ele></trkpt>
      <trkpt lat="13.638767" lon="100.509127"><ele>274.6</ele></trkpt>
      <trkpt lat="13.638868" lon="100.509020"><ele>275.0</ele></trkpt>
      <trkpt lat="13.638967" lon="100.508913"><ele>275.4</ele></trkpt>
      <trkpt lat="13.639067" lon="100.508806"><ele>275.8</ele></trkpt>
      <trkpt lat="13.639166" lon="100.508698"><ele>276.1</ele></trkpt>
      <trkpt lat="13.639265" lon="100.508591"><ele>276.5</ele></trkpt>
      <trkpt lat="13.639364" lon="100.508483"><ele>276.8</ele></trkpt>
      <trkpt lat="13.639462" lon="100.508375"><ele>277.2</ele></trkpt>
      <trkpt lat="13.639560" lon="100.508268"><ele>277.5</ele></trkpt>
      <trkpt lat="13.639657" lon="100.508160"><ele>277.8</ele></trkpt>
      <trkpt lat="13.639754" lon="100.508052"><ele>278.1</ele></trkpt>
      <trkpt lat="13.639851" lon="100.507944"><ele>278.4</ele></trkpt>
      <trkpt lat="13.639948" lon="100.507836"><ele>278.7</ele></trkpt>
      <trkpt lat="13.640044" lon="100.507728"><ele>279.0</ele></trkpt>
      <trkpt lat="13.640140" lon="100.507619"><ele>279.2</ele></trkpt>
      <trkpt lat="13.640236" lon="100.507511"><ele>279.5</ele></trkpt>
      <trkpt lat="13.640331" lon="100.507403"><ele>279.8</ele></trkpt>
      <trkpt lat="13.640426" lon="100.507294"><ele>280.0</ele></trkpt>
      <trkpt lat="13.640521" lon="100.507186"><ele>280.3</ele></trkpt>
      <trkpt lat="13.640616" lon="100.507077"><ele>280.5</ele></trkpt>
      <trkpt lat="13.640710" lon="100.506968"><ele>280.8</ele></trkpt>
      <trkpt lat="13.640804" lon="100.506860"><ele>281.0</ele></trkpt>
      <trkpt lat="13.640897" lon="100.506751"><ele>281.2</ele></trkpt>
      <trkpt lat="13.640991" lon="100.506642"><ele>281.5</ele></trkpt>
      <trkpt lat="13.641084" lon="100.506533"><ele>281.7</ele></trkpt>
      <trkpt lat="13.641176" lon="100.506424"><ele>281.9</ele></trkpt>
      <trkpt lat="13.641269" lon="100.506315"><ele>282.2</ele></trkpt>
      <trkpt lat="13.641361" lon="100.506206"><ele>282.4</ele></trkpt>
      <trkpt lat="13.641453" lon="100.506096"><ele>282.6</ele></trkpt>
      <trkpt lat="13.641545" lon="100.505987"><ele>282.9</ele></trkpt>
      <trkpt lat="13.641636" lon="100.505877"><ele>283.1</ele></trkpt>
      <trkpt lat="13.641727" lon="100.505768"><ele>283.4</ele></trkpt>
      <trkpt lat="13.641818" lon="100.505658"><ele>283.6</ele></trkpt>
      <trkpt lat="13.641908" lon="100.505548"><ele>283.9</ele></trkpt>
      <trkpt lat="13.641998" lon="100.505438"><ele>284.1</ele></trkpt>
      <trkpt lat="13.642088" lon="100.505328"><ele>284.4</ele></trkpt>
      <trkpt lat="13.642178" lon="100.505218"><ele>284.6</ele></trkpt>
      <trkpt lat="13.642267" lon="100.505108"><ele>284.9</ele></trkpt>
      <trkpt lat="13.642356" lon="100.504997"><ele>285.2</ele></trkpt>
      <trkpt lat="13.642445" lon="100.504887"><ele>285.5</ele></trkpt>
      <trkpt lat="13.642533" lon="100.504776"><ele>285.8</ele></trkpt>
      <trkpt lat="13.642621" lon="100.504665"><ele>286.1</ele></trkpt>
      <trkpt lat="13.642709" lon="100.504554"><ele>286.4</ele></trkpt>
      <trkpt lat="13.642796" lon="100.504443"><ele>286.7</ele></trkpt>
      <trkpt lat="13.642883" lon="100.504331"><ele>287.1</ele></trkpt>
      <trkpt lat="13.642970" lon="100.504220"><ele>287.4</ele></trkpt>
      <trkpt lat="13.643056" lon="100.504108"><ele>287.8</ele></trkpt>
      <trkpt lat="13.643142" lon="100.503996"><ele>288.1</ele></trkpt>
      <trkpt lat="13.643228" lon="100.503884"><ele>288.5</ele></trkpt>
      <trkpt lat="13.643313" lon="100.503771"><ele>288.9</ele></trkpt>
      <trkpt lat="13.643398" lon="100.503659"><ele>289.3</ele></trkpt>
      <trkpt lat="13.643483" lon="100.503546"><ele>289.7</ele></trkpt>
      <trkpt lat="13.643567" lon="100.503433"><ele>290.1</ele></trkpt>
      <trkpt lat="13.643650" lon="100.503320"><ele>290.6</ele></trkpt>
      <trkpt lat="13.643734" lon="100.503206"><ele>291.0</ele></trkpt>
      <trkpt lat="13.643817" lon="100.503092"><ele>291.5</ele></trkpt>
      <trkpt lat="13.643899" lon="100.502978"><ele>292.0</ele></trkpt>
      <trkpt lat="13.643981" lon="100.502864"><ele>292.5</ele></trkpt>
      <trkpt lat="13.644063" lon="100.502749"><ele>293.0</ele></trkpt>
      <trkpt lat="13.644144" lon="100.502634"><ele>293.5</ele></trkpt>
      <trkpt lat="13.644224" lon="100.502519"><ele>294.1</ele></trkpt>
      <trkpt lat="13.644304" lon="100.502404"><ele>294.6</ele></trkpt>
      <trkpt lat="13.644384" lon="100.502288"><ele>295.2</ele></trkpt>
      <trkpt lat="13.644463" lon="100.502172"><ele>295.8</ele></trkpt>
      <trkpt lat="13.644542" lon="100.502055"><ele>296.4</ele></trkpt>
      <trkpt lat="13.644620" lon="100.501939"><ele>297.1</ele></trkpt>
      <trkpt lat="13.644698" lon="100.501822"><ele>297.7</ele></trkpt>
      <trkpt lat="13.644775" lon="100.501704"><ele>298.4</ele></trkpt>
      <trkpt lat="13.644851" lon="100.501586"><ele>299.0</ele></trkpt>
      <trkpt lat="13.644927" lon="100.501468"><ele>299.7</ele></trkpt>
      <trkpt lat="13.645002" lon="100.501350"><ele>300.4</ele></trkpt>
      <trkpt lat="13.645077" lon="100.501231"><ele>301.2</ele></trkpt>
      <trkpt lat="13.645151" lon="100.501112"><ele>301.9</ele></trkpt>
      <trkpt lat="13.645224" lon="100.500992"><ele>302.6</ele></trkpt>
      <trkpt lat="13.645297" lon="100.500872"><ele>303.4</ele></trkpt>
      <trkpt lat="13.645369" lon="100.500752"><ele>304.2</ele></trkpt>
      <trkpt lat="13.645441" lon="100.500631"><ele>305.0</ele></trkpt>
      <trkpt lat="13.645511" lon="100.500510"><ele>305.8</ele></trkpt>
      <trkpt lat="13.645581" lon="100.500388"><ele>306.7</ele></trkpt>
      <trkpt lat="13.645651" lon="100.500266"><ele>307.5</ele></trkpt>
      <trkpt lat="13.645719" lon="100.500144"><ele>308.4</ele></trkpt>
      <trkpt lat="13.645787" lon="100.500021"><ele>309.3</ele></trkpt>
      <trkpt lat="13.645854" lon="100.499898"><ele>310.2</ele></trkpt>
      <trkpt lat="13.645921" lon="100.499774"><ele>311.1</ele></trkpt>
      <trkpt lat="13.645986" lon="100.499650"><ele>312.0</ele></trkpt>
      <trkpt lat="13.646051" lon="100.499525"><ele>312.9</ele></trkpt>
      <trkpt lat="13.646115" lon="100.499400"><ele>313.9</ele></trkpt>
      <trkpt lat="13.646178" lon="100.499275"><ele>314.9</ele></trkpt>
      <trkpt lat="13.646240" lon="100.499149"><ele>315.8</ele></trkpt>
      <trkpt lat="13.646301" lon="100.499023"><ele>316.8</ele></trkpt>
      <trkpt lat="13.646361" lon="100.498896"><ele>317.8</ele></trkpt>
      <trkpt lat="13.646421" lon="100.498769"><ele>318.9</ele></trkpt>
      <trkpt lat="13.646480" lon="100.498641"><ele>319.9</ele></trkpt>
      <trkpt lat="13.646537" lon="100.498513"><ele>320.9</ele></trkpt>
      <trkpt lat="13.646594" lon="100.498384"><ele>322.0</ele></trkpt>
      <trkpt lat="13.646650" lon="100.498255"><ele>323.0</ele></trkpt>
      <trkpt lat="13.646704" lon="100.498126"><ele>324.1</ele></trkpt>
      <trkpt lat="13.646758" lon="100.497996"><ele>325.2</ele></trkpt>
      <trkpt lat="13.646811" lon="100.497866"><ele>326.3</ele></trkpt>
      <trkpt lat="13.646863" lon="100.497735"><ele>327.4</ele></trkpt>
      <trkpt lat="13.646913" lon="100.497603"><ele>328.5</ele></trkpt>
      <trkpt lat="13.646963" lon="100.497472"><ele>329.6</ele></trkpt>
      <trkpt lat="13.647012" lon="100.497340"><ele>330.7</ele></trkpt>
      <trkpt lat="13.647059" lon="100.497207"><ele>331.8</ele></trkpt>
      <trkpt lat="13.647106" lon="100.497074"><ele>333.0</ele></trkpt>
      <trkpt lat="13.647151" lon="100.496940"><ele>334.1</ele></trkpt>
      <trkpt lat="13.647195" lon="100.496807"><ele>335.2</ele></trkpt>
      <trkpt lat="13.647238" lon="100.496672"><ele>336.4</ele></trkpt>
      <trkpt lat="13.647280" lon="100.496538"><ele>337.5</ele></trkpt>
      <trkpt lat="13.647320" lon="100.496402"><ele>338.6</ele></trkpt>
      <trkpt lat="13.647360" lon="100.496267"><ele>339.8</ele></trkpt>
      <trkpt lat="13.647398" lon="100.496131"><ele>340.9</ele></trkpt>
      <trkpt lat="13.647435" lon="100.495994"><ele>342.1</ele></trkpt>
      <trkpt lat="13.647471" lon="100.495858"><ele>343.2</ele></trkpt>
      <trkpt lat="13.647506" lon="100.495720"><ele>344.4</ele></trkpt>
      <trkpt lat="13.647539" lon="100.495583"><ele>345.5</ele></trkpt>
      <trkpt lat="13.647571" lon="100.495445"><ele>346.6</ele></trkpt>
      <trkpt lat="13.647602" lon="100.495307"><ele>347.8</ele></trkpt>
      <trkpt lat="13.647632" lon="100.495168"><ele>348.9</ele></trkpt>
      <trkpt lat="13.647660" lon="100.495029"><ele>350.0</ele></trkpt>
      <trkpt lat="13.647687" lon="100.494890"><ele>351.2</ele></trkpt>
      <trkpt lat="13.647713" lon="100.494750"><ele>352.3</ele></trkpt>
      <trkpt lat="13.647737" lon="100.494610"><ele>353.4</ele></trkpt>
      <trkpt lat="13.647761" lon="100.494469"><ele>354.5</ele></trkpt>
      <trkpt lat="13.647782" lon="100.494329"><ele>355.6</ele></trkpt>
      <trkpt lat="13.647803" lon="100.494188"><ele>356.6</ele></trkpt>
      <trkpt lat="13.647822" lon="100.494047"><ele>357.7</ele></trkpt>
      <trkpt lat="13.647839" lon="100.493905"><ele>358.8</ele></trkpt>
      <trkpt lat="13.647856" lon="100.493763"><ele>359.8</ele></trkpt>
      <trkpt lat="13.647871" lon="100.493621"><ele>360.9</ele></trkpt>
      <trkpt lat="13.647884" lon="100.493479"><ele>361.9</ele></trkpt>
      <trkpt lat="13.647896" lon="100.493336"><ele>362.9</ele></trkpt>
      <trkpt lat="13.647907" lon="100.493194"><ele>363.9</ele></trkpt>
      <trkpt lat="13.647917" lon="100.493051"><ele>364.9</ele></trkpt>
      <trkpt lat="13.647925" lon="100.492908"><ele>365.8</ele></trkpt>
      <trkpt lat="13.647931" lon="100.492764"><ele>366.8</ele></trkpt>
      <trkpt lat="13.647936" lon="100.492621"><ele>367.7</ele></trkpt>
      <trkpt lat="13.647940" lon="100.492477"><ele>368.6</ele></trkpt>
      <trkpt lat="13.647943" lon="100.492333"><ele>369.5</ele></trkpt>
      <trkpt lat="13.647944" lon="100.492189"><ele>370.4</ele></trkpt>
      <trkpt lat="13.647943" lon="100.492045"><ele>371.2</ele></trkpt>
      <trkpt lat="13.647941" lon="100.491901"><ele>372.1</ele></trkpt>
      <trkpt lat="13.647938" lon="100.491757"><ele>372.9</ele></trkpt>
      <trkpt lat="13.647933" lon="100.491613"><ele>373.7</ele></trkpt>
      <trkpt lat="13.647927" lon="100.491468"><ele>374.4</ele></trkpt>
      <trkpt lat="13.647920" lon="100.491324"><ele>375.2</ele></trkpt>
      <trkpt lat="13.647911" lon="100.491179"><ele>375.9</ele></trkpt>
      <trkpt lat="13.647900" lon="100.491035"><ele>376.6</ele></trkpt>
      <trkpt lat="13.647889" lon="100.490890"><ele>377.3</ele></trkpt>
      <trkpt lat="13.647876" lon="100.490746"><ele>377.9</ele></trkpt>
      <trkpt lat="13.647861" lon="100.490601"><ele>378.5</ele></trkpt>
      <trkpt lat="13.647845" lon="100.490457"><ele>379.1</ele></trkpt>
      <trkpt lat="13.647828" lon="100.490313"><ele>379.7</ele></trkpt>
      <trkpt lat="13.647809" lon="100.490168"><ele>380.2</ele></trkpt>
      <trkpt lat="13.647789" lon="100.490024"><ele>380.7</ele></trkpt>
      <trkpt lat="13.647768" lon="100.489880"><ele>381.2</ele></trkpt>
      <trkpt lat="13.647745" lon="100.489736"><ele>381.7</ele></trkpt>
      <trkpt lat="13.647721" lon="100.489592"><ele>382.1</ele></trkpt>
      <trkpt lat="13.647695" lon="100.489449"><ele>382.5</ele></trkpt>
      <trkpt lat="13.647669" lon="100.489305"><ele>382.9</ele></trkpt>
      <trkpt lat="13.647640" lon="100.489162"><ele>383.2</ele></trkpt>
      <trkpt lat="13.647611" lon="100.489019"><ele>383.5</ele></trkpt>
      <trkpt lat="13.647580" lon="100.488876"><ele>383.8</ele></trkpt>
      <trkpt lat="13.647548" lon="100.488733"><ele>384.0</ele></trkpt>
      <trkpt lat="13.647515" lon="100.488591"><ele>384.2</ele></trkpt>
      <trkpt lat="13.647481" lon="100.488449"><ele>384.4</ele></trkpt>
      <trkpt lat="13.647445" lon="100.488307"><ele>384.6</ele></trkpt>
      <trkpt lat="13.647408" lon="100.488165"><ele>384.7</ele></trkpt>
      <trkpt lat="13.647370" lon="100.488024"><ele>384.8</ele></trkpt>
      <trkpt lat="13.647330" lon="100.487883"><ele>384.8</ele></trkpt>
      <trkpt lat="13.647290" lon="100.487742"><ele>384.8</ele></trkpt>
      <trkpt lat="13.647248" lon="100.487602"><ele>384.8</ele></trkpt>
      <trkpt lat="13.647205" lon="100.487462"><ele>384.8</ele></trkpt>
      <trkpt lat="13.647161" lon="100.487322"><ele>384.7</ele></trkpt>
      <trkpt lat="13.647116" lon="100.487183"><ele>384.6</ele></trkpt>
      <trkpt lat="13.647070" lon="100.487045"><ele>384.4</ele></trkpt>
      <trkpt lat="13.647022" lon="100.486906"><ele>384.3</ele></trkpt>
      <trkpt lat="13.646974" lon="100.486768"><ele>384.0</ele></trkpt>
      <trkpt lat="13.646925" lon="100.486631"><ele>383.8</ele></trkpt>
      <trkpt lat="13.646874" lon="100.486494"><ele>383.5</ele></trkpt>
      <trkpt lat="13.646823" lon="100.486357"><ele>383.2</ele></trkpt>
      <trkpt lat="13.646770" lon="100.486221"><ele>382.9</ele></trkpt>
      <trkpt lat="13.646717" lon="100.486086"><ele>382.5</ele></trkpt>
      <trkpt lat="13.646663" lon="100.485951"><ele>382.1</ele></trkpt>
      <trkpt lat="13.646608" lon="100.485816"><ele>381.6</ele></trkpt>
      <trkpt lat="13.646552" lon="100.485682"><ele>381.2</ele></trkpt>
      <trkpt lat="13.646495" lon="100.485549"><ele>380.7</ele></trkpt>
      <trkpt lat="13.646437" lon="100.485416"><ele>380.1</ele></trkpt>
      <trkpt lat="13.646379" lon="100.485284"><ele>379.6</ele></trkpt>
      <trkpt lat="13.646320" lon="100.485152"><ele>379.0</ele></trkpt>
      <trkpt lat="13.646260" lon="100.485021"><ele>378.3</ele></trkpt>
      <trkpt lat="13.646199" lon="100.484890"><ele>377.7</ele></trkpt>
      <trkpt lat="13.646138" lon="100.484760"><ele>377.0</ele></trkpt>
      <trkpt lat="13.646075" lon="100.484631"><ele>376.3</ele></trkpt>
      <trkpt lat="13.646013" lon="100.484502"><ele>375.5</ele></trkpt>
      <trkpt lat="13.645949" lon="100.484374"><ele>374.8</ele></trkpt>
      <trkpt lat="13.645886" lon="100.484247"><ele>373.9</ele></trkpt>
      <trkpt lat="13.645821" lon="100.484120"><ele>373.1</ele></trkpt>
      <trkpt lat="13.645756" lon="100.483994"><ele>372.3</ele></trkpt>
      <trkpt lat="13.645691" lon="100.483868"><ele>371.4</ele></trkpt>
      <trkpt lat="13.645625" lon="100.483743"><ele>370.5</ele></trkpt>
      <trkpt lat="13.645559" lon="100.483619"><ele>369.5</ele></trkpt>
      <trkpt lat="13.645492" lon="100.483495"><ele>368.6</ele></trkpt>
      <trkpt lat="13.645425" lon="100.483372"><ele>367.6</ele></trkpt>
      <trkpt lat="13.645357" lon="100.483250"><ele>366.6</ele></trkpt>
      <trkpt lat="13.645290" lon="100.483129"><ele>365.5</ele></trkpt>
      <trkpt lat="13.645222" lon="100.483008"><ele>364.5</ele></trkpt>
      <trkpt lat="13.645153" lon="100.482888"><ele>363.4</ele></trkpt>
      <trkpt lat="13.645085" lon="100.482768"><ele>362.3</ele></trkpt>
      <trkpt lat="13.645016" lon="100.482650"><ele>361.2</ele></trkpt>
      <trkpt lat="13.644947" lon="100.482531"><ele>360.0</ele></trkpt>
      <trkpt lat="13.644879" lon="100.482414"><ele>358.8</ele></trkpt>
      <trkpt lat="13.644810" lon="100.482297"><ele>357.7</ele></trkpt>
      <trkpt lat="13.644740" lon="100.482181"><ele>356.5</ele></trkpt>
      <trkpt lat="13.644671" lon="100.482066"><ele>355.3</ele></trkpt>
      <trkpt lat="13.644602" lon="100.481951"><ele>354.0</ele></trkpt>
      <trkpt lat="13.644533" lon="100.481837"><ele>352.8</ele></trkpt>
      <trkpt lat="13.644465" lon="100.481724"><ele>351.5</ele></trkpt>
      <trkpt lat="13.644396" lon="100.481612"><ele>350.2</ele></trkpt>
      <trkpt lat="13.644327" lon="100.481500"><ele>348.9</ele></trkpt>
      <trkpt lat="13.644259" lon="100.481388"><ele>347.6</ele></trkpt>
      <trkpt lat="13.644190" lon="100.481278"><ele>346.3</ele></trkpt>
      <trkpt lat="13.644122" lon="100.481168"><ele>345.0</ele></trkpt>
      <trkpt lat="13.644055" lon="100.481059"><ele>343.7</ele></trkpt>
      <trkpt lat="13.643987" lon="100.480950"><ele>342.3</ele></trkpt>
      <trkpt lat="13.643920" lon="100.480842"><ele>341.0</ele></trkpt>
      <trkpt lat="13.643854" lon="100.480735"><ele>339.6</ele></trkpt>
      <trkpt lat="13.643787" lon="100.480628"><ele>338.3</ele></trkpt>
      <trkpt lat="13.643721" lon="100.480522"><ele>336.9</ele></trkpt>
      <trkpt lat="13.643656" lon="100.480416"><ele>335.5</ele></trkpt>
      <trkpt lat="13.643591" lon="100.480311"><ele>334.1</ele></trkpt>
      <trkpt lat="13.643527" lon="100.480207"><ele>332.8</ele></trkpt>
      <trkpt lat="13.643463" lon="100.480103"><ele>331.4</ele></trkpt>
      <trkpt lat="13.643400" lon="100.480000"><ele>330.0</ele></trkpt>
      <trkpt lat="13.643337" lon="100.479897"><ele>328.6</ele></trkpt>
      <trkpt lat="13.643276" lon="100.479795"><ele>327.2</ele></trkpt>
      <trkpt lat="13.643214" lon="100.479694"><ele>325.9</ele></trkpt>
      <trkpt lat="13.643154" lon="100.479593"><ele>324.5</ele></trkpt>
      <trkpt lat="13.643094" lon="100.479492"><ele>323.1</ele></trkpt>
      <trkpt lat="13.643035" lon="100.479392"><ele>321.7</ele></trkpt>
      <trkpt lat="13.642977" lon="100.479292"><ele>320.4</ele></trkpt>
      <trkpt lat="13.642920" lon="100.479193"><ele>319.0</ele></trkpt>
      <trkpt lat="13.642864" lon="100.479095"><ele>317.7</ele></trkpt>
      <trkpt lat="13.642808" lon="100.478996"><ele>316.3</ele></trkpt>
      <trkpt lat="13.642754" lon="100.478898"><ele>315.0</ele></trkpt>
      <trkpt lat="13.642700" lon="100.478801"><ele>313.7</ele></trkpt>
      <trkpt lat="13.642647" lon="100.478704"><ele>312.4</ele></trkpt>
      <trkpt lat="13.642596" lon="100.478607"><ele>311.1</ele></trkpt>
      <trkpt lat="13.642545" lon="100.478511"><ele>309.8</ele></trkpt>
      <trkpt lat="13.642496" lon="100.478415"><ele>308.5</ele></trkpt>
      <trkpt lat="13.642447" lon="100.478319"><ele>307.2</ele></trkpt>
      <trkpt lat="13.642400" lon="100.478223"><ele>306.0</ele></trkpt>
      <trkpt lat="13.642354" lon="100.478128"><ele>304.7</ele></trkpt>
      <trkpt lat="13.642309" lon="100.478033"><ele>303.5</ele></trkpt>
      <trkpt lat="13.642265" lon="100.477938"><ele>302.3</ele></trkpt>
      <trkpt lat="13.642222" lon="100.477844"><ele>301.2</ele></trkpt>
      <trkpt lat="13.642181" lon="100.477749"><ele>300.0</ele></trkpt>
      <trkpt lat="13.642140" lon="100.477655"><ele>298.8</ele></trkpt>
      <trkpt lat="13.642101" lon="100.477561"><ele>297.7</ele></trkpt>
      <trkpt lat="13.642064" lon="100.477467"><ele>296.6</ele></trkpt>
      <trkpt lat="13.642027" lon="100.477373"><ele>295.5</ele></trkpt>
      <trkpt lat="13.641992" lon="100.477279"><ele>294.5</ele></trkpt>
      <trkpt lat="13.641958" lon="100.477185"><ele>293.4</ele></trkpt>
      <trkpt lat="13.641926" lon="100.477092"><ele>292.4</ele></trkpt>
      <trkpt lat="13.641895" lon="100.476998"><ele>291.4</ele></trkpt>
      <trkpt lat="13.641865" lon="100.476904"><ele>290.5</ele></trkpt>
      <trkpt lat="13.641837" lon="100.476810"><ele>289.5</ele></trkpt>
      <trkpt lat="13.641810" lon="100.476716"><ele>288.6</ele></trkpt>
      <trkpt lat="13.641785" lon="100.476622"><ele>287.7</ele></trkpt>
      <trkpt lat="13.641761" lon="100.476528"><ele>286.9</ele></trkpt>
      <trkpt lat="13.641738" lon="100.476434"><ele>286.1</ele></trkpt>
      <trkpt lat="13.641717" lon="100.476339"><ele>285.2</ele></trkpt>
      <trkpt lat="13.641697" lon="100.476245"><ele>284.5</ele></trkpt>
      <trkpt lat="13.641679" lon="100.476150"><ele>283.7</ele></trkpt>
      <trkpt lat="13.641662" lon="100.476055"><ele>283.0</ele></trkpt>
      <trkpt lat="13.641647" lon="100.475959"><ele>282.3</ele></trkpt>
      <trkpt lat="13.641634" lon="100.475864"><ele>281.7</ele></trkpt>
      <trkpt lat="13.641621" lon="100.475768"><ele>281.0</ele></trkpt>
      <trkpt lat="13.641611" lon="100.475671"><ele>280.4</ele></trkpt>
      <trkpt lat="13.641602" lon="100.475575"><ele>279.9</ele></trkpt>
      <trkpt lat="13.641594" lon="100.475478"><ele>279.3</ele></trkpt>
      <trkpt lat="13.641588" lon="100.475380"><ele>278.8</ele></trkpt>
      <trkpt lat="13.641583" lon="100.475282"><ele>278.4</ele></trkpt>
      <trkpt lat="13.641580" lon="100.475184"><ele>277.9</ele></trkpt>
      <trkpt lat="13.641579" lon="100.475085"><ele>277.5</ele></trkpt>
      <trkpt lat="13.641579" lon="100.474985"><ele>277.1</ele></trkpt>
      <trkpt lat="13.641580" lon="100.474885"><ele>276.8</ele></trkpt>
      <trkpt lat="13.641583" lon="100.474785"><ele>276.5</ele></trkpt>
      <trkpt lat="13.641588" lon="100.474683"><ele>276.2</ele></trkpt>
      <trkpt lat="13.641594" lon="100.474582"><ele>276.0</ele></trkpt>
      <trkpt lat="13.641602" lon="100.474479"><ele>275.7</ele></trkpt>
      <trkpt lat="13.641611" lon="100.474376"><ele>275.6</ele></trkpt>
      <trkpt lat="13.641622" lon="100.474272"><ele>275.4</ele></trkpt>
      <trkpt lat="13.641634" lon="100.474168"><ele>275.3</ele></trkpt>
      <trkpt lat="13.641648" lon="100.474062"><ele>275.2</ele></trkpt>
      <trkpt lat="13.641663" lon="100.473956"><ele>275.2</ele></trkpt>
      <trkpt lat="13.641679" lon="100.473849"><ele>275.2</ele></trkpt>
      <trkpt lat="13.641697" lon="100.473742"><ele>275.2</ele></trkpt>
      <trkpt lat="13.641717" lon="100.473633"><ele>275.2</ele></trkpt>
      <trkpt lat="13.641738" lon="100.473524"><ele>275.3</ele></trkpt>
      <trkpt lat="13.641760" lon="100.473414"><ele>275.4</ele></trkpt>
      <trkpt lat="13.641784" lon="100.473303"><ele>275.6</ele></trkpt>
      <trkpt lat="13.641809" lon="100.473191"><ele>275.8</ele></trkpt>
      <trkpt lat="13.641836" lon="100.473078"><ele>276.0</ele></trkpt>
      <trkpt lat="13.641864" lon="100.472964"><ele>276.2</ele></trkpt>
      <trkpt lat="13.641893" lon="100.472849"><ele>276.5</ele></trkpt>
      <trkpt lat="13.641924" lon="100.472733"><ele>276.8</ele></trkpt>
      <trkpt lat="13.641956" lon="100.472616"><ele>277.1</ele></trkpt>
      <trkpt lat="13.641989" lon="100.472498"><ele>277.5</ele></trkpt>
      <trkpt lat="13.642024" lon="100.472379"><ele>277.9</ele></trkpt>
      <trkpt lat="13.642059" lon="100.472259"><ele>278.3</ele></trkpt>
      <trkpt lat="13.642096" lon="100.472138"><ele>278.8</ele></trkpt>
      <trkpt lat="13.642135" lon="100.472016"><ele>279.3</ele></trkpt>
      <trkpt lat="13.642174" lon="100.471892"><ele>279.8</ele></trkpt>
      <trkpt lat="13.642215" lon="100.471768"><ele>280.3</ele></trkpt>
      <trkpt lat="13.642256" lon="100.471642"><ele>280.9</ele></trkpt>
      <trkpt lat="13.642299" lon="100.471515"><ele>281.5</ele></trkpt>
      <trkpt lat="13.642343" lon="100.471387"><ele>282.1</ele></trkpt>
      <trkpt lat="13.642388" lon="100.471258"><ele>282.7</ele></trkpt>
      <trkpt lat="13.642434" lon="100.471127"><ele>283.4</ele></trkpt>
      <trkpt lat="13.642481" lon="100.470996"><ele>284.1</ele></trkpt>
      <trkpt lat="13.642529" lon="100.470863"><ele>284.8</ele></trkpt>
      <trkpt lat="13.642578" lon="100.470729"><ele>285.6</ele></trkpt>
      <trkpt lat="13.642628" lon="100.470593"><ele>286.3</ele></trkpt>
      <trkpt lat="13.642678" lon="100.470456"><ele>287.1</ele></trkpt>
      <trkpt lat="13.642730" lon="100.470319"><ele>287.9</ele></trkpt>
      <trkpt lat="13.642782" lon="100.470179"><ele>288.8</ele></trkpt>
      <trkpt lat="13.642836" lon="100.470039"><ele>289.6</ele></trkpt>
      <trkpt lat="13.642890" lon="100.469897"><ele>290.5</ele></trkpt>
      <trkpt lat="13.642944" lon="100.469754"><ele>291.4</ele></trkpt>
      <trkpt lat="13.643000" lon="100.469609"><ele>292.3</ele></trkpt>
      <trkpt lat="13.643056" lon="100.469464"><ele>293.2</ele></trkpt>
      <trkpt lat="13.643112" lon="100.469317"><ele>294.2</ele></trkpt>
      <trkpt lat="13.643170" lon="100.469168"><ele>295.1</ele></trkpt>
      <trkpt lat="13.643228" lon="100.469019"><ele>296.1</ele></trkpt>
      <trkpt lat="13.643286" lon="100.468868"><ele>297.1</ele></trkpt>
      <trkpt lat="13.643345" lon="100.468715"><ele>298.1</ele></trkpt>
      <trkpt lat="13.643404" lon="100.468562"><ele>299.1</ele></trkpt>
      <trkpt lat="13.643464" lon="100.468407"><ele>300.2</ele></trkpt>
      <trkpt lat="13.643524" lon="100.468251"><ele>301.2</ele></trkpt>
      <trkpt lat="13.643584" lon="100.468093"><ele>302.3</ele></trkpt>
      <trkpt lat="13.643645" lon="100.467934"><ele>303.4</ele></trkpt>
      <trkpt lat="13.643706" lon="100.467774"><ele>304.4</ele></trkpt>
      <trkpt lat="13.643767" lon="100.467612"><ele>305.5</ele></trkpt>
      <trkpt lat="13.643828" lon="100.467449"><ele>306.6</ele></trkpt>
      <trkpt lat="13.643889" lon="100.467285"><ele>307.7</ele></trkpt>
      <trkpt lat="13.643951" lon="100.467120"><ele>308.8</ele></trkpt>
      <trkpt lat="13.644012" lon="100.466953"><ele>310.0</ele></trkpt>
      <trkpt lat="13.644074" lon="100.466785"><ele>311.1</ele></trkpt>
      <trkpt lat="13.644136" lon="100.466616"><ele>312.2</ele></trkpt>
      <trkpt lat="13.644197" lon="100.466445"><ele>313.4</ele></trkpt>
      <trkpt lat="13.644259" lon="100.466274"><ele>314.5</ele></trkpt>
      <trkpt lat="13.644320" lon="100.466101"><ele>315.6</ele></trkpt>
      <trkpt lat="13.644381" lon="100.465926"><ele>316.8</ele></trkpt>
      <trkpt lat="13.644442" lon="100.465751"><ele>317.9</ele></trkpt>
      <trkpt lat="13.644502" lon="100.465574"><ele>319.1</ele></trkpt>
      <trkpt lat="13.644562" lon="100.465397"><ele>320.2</ele></trkpt>
      <trkpt lat="13.644622" lon="100.465218"><ele>321.4</ele></trkpt>
      <trkpt lat="13.644682" lon="100.465038"><ele>322.5</ele></trkpt>
      <trkpt lat="13.644741" lon="100.464856"><ele>323.6</ele></trkpt>
      <trkpt lat="13.644799" lon="100.464674"><ele>324.8</ele></trkpt>
      <trkpt lat="13.644857" lon="100.464491"><ele>325.9</ele></trkpt>
      <trkpt lat="13.644915" lon="100.464306"><ele>327.0</ele></trkpt>
      <trkpt lat="13.644972" lon="100.464120"><ele>328.2</ele></trkpt>
      <trkpt lat="13.645028" lon="100.463934"><ele>329.3</ele></trkpt>
      <trkpt lat="13.645083" lon="100.463746"><ele>330.4</ele></trkpt>
      <trkpt lat="13.645138" lon="100.463558"><ele>331.5</ele></trkpt>
      <trkpt lat="13.645192" lon="100.463368"><ele>332.6</ele></trkpt>
      <trkpt lat="13.645246" lon="100.463178"><ele>333.7</ele></trkpt>
      <trkpt lat="13.645298" lon="100.462986"><ele>334.8</ele></trkpt>
      <trkpt lat="13.645349" lon="100.462794"><ele>335.9</ele></trkpt>
      <trkpt lat="13.645400" lon="100.462601"><ele>337.0</ele></trkpt>
      <trkpt lat="13.645450" lon="100.462407"><ele>338.0</ele></trkpt>
      <trkpt lat="13.645498" lon="100.462212"><ele>339.1</ele></trkpt>
      <trkpt lat="13.645546" lon="100.462016"><ele>340.1</ele></trkpt>
      <trkpt lat="13.645592" lon="100.461820"><ele>341.1</ele></trkpt>
      <trkpt lat="13.645638" lon="100.461623"><ele>342.2</ele></trkpt>
      <trkpt lat="13.645682" lon="100.461425"><ele>343.2</ele></trkpt>
      <trkpt lat="13.645725" lon="100.461227"><ele>344.2</ele></trkpt>
      <trkpt lat="13.645767" lon="100.461028"><ele>345.1</ele></trkpt>
      <trkpt lat="13.645807" lon="100.460828"><ele>346.1</ele></trkpt>
      <trkpt lat="13.645846" lon="100.460628"><ele>347.1</ele></trkpt>
      <trkpt lat="13.645884" lon="100.460427"><ele>348.0</ele></trkpt>
      <trkpt lat="13.645921" lon="100.460226"><ele>348.9</ele></trkpt>
      <trkpt lat="13.645956" lon="100.460024"><ele>349.8</ele></trkpt>
      <trkpt lat="13.645989" lon="100.459822"><ele>350.7</ele></trkpt>
      <trkpt lat="13.646021" lon="100.459620"><ele>351.6</ele></trkpt>
      <trkpt lat="13.646052" lon="100.459417"><ele>352.5</ele></trkpt>
      <trkpt lat="13.646081" lon="100.459214"><ele>353.3</ele></trkpt>
      <trkpt lat="13.646108" lon="100.459010"><ele>354.2</ele></trkpt>
      <trkpt lat="13.646134" lon="100.458806"><ele>355.0</ele></trkpt>
      <trkpt lat="13.646159" lon="100.458603"><ele>355.8</ele></trkpt>
      <trkpt lat="13.646181" lon="100.458398"><ele>356.6</ele></trkpt>
      <trkpt lat="13.646202" lon="100.458194"><ele>357.4</ele></trkpt>
      <trkpt lat="13.646221" lon="100.457990"><ele>358.1</ele></trkpt>
      <trkpt lat="13.646238" lon="100.457786"><ele>358.8</ele></trkpt>
      <trkpt lat="13.646254" lon="100.457581"><ele>359.6</ele></trkpt>
      <trkpt lat="13.646268" lon="100.457377"><ele>360.3</ele></trkpt>
      <trkpt lat="13.646280" lon="100.457173"><ele>361.0</ele></trkpt>
      <trkpt lat="13.646290" lon="100.456968"><ele>361.6</ele></trkpt>
      <trkpt lat="13.646298" lon="100.456764"><ele>362.3</ele></trkpt>
      <trkpt lat="13.646304" lon="100.456561"><ele>362.9</ele></trkpt>
      <trkpt lat="13.646308" lon="100.456357"><ele>363.6</ele></trkpt>
      <trkpt lat="13.646311" lon="100.456154"><ele>364.2</ele></trkpt>
      <trkpt lat="13.646311" lon="100.455951"><ele>364.8</ele></trkpt>
      <trkpt lat="13.646309" lon="100.455748"><ele>365.4</ele></trkpt>
      <trkpt lat="13.646306" lon="100.455546"><ele>365.9</ele></trkpt>
      <trkpt lat="13.646300" lon="100.455344"><ele>366.5</ele></trkpt>
      <trkpt lat="13.646292" lon="100.455143"><ele>367.0</ele></trkpt>
      <trkpt lat="13.646282" lon="100.454942"><ele>367.5</ele></trkpt>
      <trkpt lat="13.646270" lon="100.454742"><ele>368.0</ele></trkpt>
      <trkpt lat="13.646256" lon="100.454542"><ele>368.5</ele></trkpt>
      <trkpt lat="13.646240" lon="100.454344"><ele>369.0</ele></trkpt>
      <trkpt lat="13.646221" lon="100.454145"><ele>369.4</ele></trkpt>
      <trkpt lat="13.646201" lon="100.453948"><ele>369.9</ele></trkpt>
      <trkpt lat="13.646178" lon="100.453751"><ele>370.3</ele></trkpt>
      <trkpt lat="13.646153" lon="100.453556"><ele>370.7</ele></trkpt>
      <trkpt lat="13.646126" lon="100.453361"><ele>371.1</ele></trkpt>
      <trkpt lat="13.646096" lon="100.453167"><ele>371.5</ele></trkpt>
      <trkpt lat="13.646065" lon="100.452974"><ele>371.9</ele></trkpt>
      <trkpt lat="13.646031" lon="100.452782"><ele>372.2</ele></trkpt>
      <trkpt lat="13.645995" lon="100.452591"><ele>372.6</ele></trkpt>
      <trkpt lat="13.645957" lon="100.452401"><ele>372.9</ele></trkpt>
      <trkpt lat="13.645916" lon="100.452212"><ele>373.3</ele></trkpt>
      <trkpt lat="13.645873" lon="100.452025"><ele>373.6</ele></trkpt>
      <trkpt lat="13.645828" lon="100.451838"><ele>373.9</ele></trkpt>
      <trkpt lat="13.645781" lon="100.451653"><ele>374.2</ele></trkpt>
      <trkpt lat="13.645731" lon="100.451470"><ele>374.5</ele></trkpt>
      <trkpt lat="13.645679" lon="100.451287"><ele>374.8</ele></trkpt>
      <trkpt lat="13.645625" lon="100.451106"><ele>375.1</ele></trkpt>
      <trkpt lat="13.645568" lon="100.450927"><ele>375.4</ele></trkpt>
      <trkpt lat="13.645510" lon="100.450749"><ele>375.6</ele></trkpt>
      <trkpt lat="13.645449" lon="100.450572"><ele>375.9</ele></trkpt>
      <trkpt lat="13.645385" lon="100.450397"><ele>376.1</ele></trkpt>
      <trkpt lat="13.645320" lon="100.450224"><ele>376.4</ele></trkpt>
      <trkpt lat="13.645252" lon="100.450052"><ele>376.6</ele></trkpt>
      <trkpt lat="13.645182" lon="100.449882"><ele>376.9</ele></trkpt>
      <trkpt lat="13.645109" lon="100.449714"><ele>377.1</ele></trkpt>
      <trkpt lat="13.645035" lon="100.449547"><ele>377.4</ele></trkpt>
      <trkpt lat="13.644958" lon="100.449382"><ele>377.6</ele></trkpt>
      <trkpt lat="13.644879" lon="100.449219"><ele>377.8</ele></trkpt>
      <trkpt lat="13.644797" lon="100.449058"><ele>378.1</ele></trkpt>
      <trkpt lat="13.644714" lon="100.448899"><ele>378.3</ele></trkpt>
      <trkpt lat="13.644628" lon="100.448741"><ele>378.5</ele></trkpt>
      <trkpt lat="13.644540" lon="100.448586"><ele>378.8</ele></trkpt>
      <trkpt lat="13.644450" lon="100.448433"><ele>379.0</ele></trkpt>
      <trkpt lat="13.644358" lon="100.448281"><ele>379.2</ele></trkpt>
      <trkpt lat="13.644263" lon="100.448132"><ele>379.5</ele></trkpt>
      <trkpt lat="13.644167" lon="100.447985"><ele>379.7</ele></trkpt>
      <trkpt lat="13.644068" lon="100.447840"><ele>380.0</ele></trkpt>
      <trkpt lat="13.643967" lon="100.447697"><ele>380.2</ele></trkpt>
      <trkpt lat="13.643864" lon="100.447556"><ele>380.5</ele></trkpt>
      <trkpt lat="13.643759" lon="100.447418"><ele>380.8</ele></trkpt>
      <trkpt lat="13.643652" lon="100.447282"><ele>381.0</ele></trkpt>
      <trkpt lat="13.643543" lon="100.447148"><ele>381.3</ele></trkpt>
      <trkpt lat="13.643432" lon="100.447016"><ele>381.6</ele></trkpt>
      <trkpt lat="13.643319" lon="100.446887"><ele>381.9</ele></trkpt>
      <trkpt lat="13.643203" lon="100.446760"><ele>382.2</ele></trkpt>
      <trkpt lat="13.643086" lon="100.446635"><ele>382.5</ele></trkpt>
      <trkpt lat="13.642967" lon="100.446513"><ele>382.8</ele></trkpt>
      <trkpt lat="13.642847" lon="100.446394"><ele>383.2</ele></trkpt>
      <trkpt lat="13.642724" lon="100.446277"><ele>383.5</ele></trkpt>
      <trkpt lat="13.642599" lon="100.446162"><ele>383.9</ele></trkpt>
      <trkpt lat="13.642473" lon="100.446050"><ele>384.2</ele></trkpt>
      <trkpt lat="13.642344" lon="100.445940"><ele>384.6</ele></trkpt>
      <trkpt lat="13.642214" lon="100.445833"><ele>385.0</ele></trkpt>
      <trkpt lat="13.642082" lon="100.445728"><ele>385.4</ele></trkpt>
      <trkpt lat="13.641949" lon="100.445626"><ele>385.8</ele></trkpt>
      <trkpt lat="13.641813" lon="100.445527"><ele>386.3</ele></trkpt>
      <trkpt lat="13.641676" lon="100.445430"><ele>386.7</ele></trkpt>
      <trkpt lat="13.641538" lon="100.445336"><ele>387.2</ele></trkpt>
      <trkpt lat="13.641397" lon="100.445244"><ele>387.7</ele></trkpt>
      <trkpt lat="13.641256" lon="100.445155"><ele>388.2</ele></trkpt>
      <trkpt lat="13.641112" lon="100.445069"><ele>388.7</ele></trkpt>
      <trkpt lat="13.640967" lon="100.444986"><ele>389.3</ele></trkpt>
      <trkpt lat="13.640821" lon="100.444905"><ele>389.8</ele></trkpt>
      <trkpt lat="13.640673" lon="100.444827"><ele>390.4</ele></trkpt>
      <trkpt lat="13.640524" lon="100.444751"><ele>391.0</ele></trkpt>
      <trkpt lat="13.640373" lon="100.444679"><ele>391.6</ele></trkpt>
      <trkpt lat="13.640221" lon="100.444609"><ele>392.2</ele></trkpt>
      <trkpt lat="13.640067" lon="100.444541"><ele>392.9</ele></trkpt>
      <trkpt lat="13.639912" lon="100.444477"><ele>393.5</ele></trkpt>
      <trkpt lat="13.639756" lon="100.444415"><ele>394.2</ele></trkpt>
      <trkpt lat="13.639599" lon="100.444356"><ele>395.0</ele></trkpt>
      <trkpt lat="13.639441" lon="100.444300"><ele>395.7</ele></trkpt>
      <trkpt lat="13.639281" lon="100.444246"><ele>396.4</ele></trkpt>
      <trkpt lat="13.639120" lon="100.444196"><ele>397.2</ele></trkpt>
      <trkpt lat="13.638958" lon="100.444148"><ele>398.0</ele></trkpt>
      <trkpt lat="13.638795" lon="100.444102"><ele>398.8</ele></trkpt>
      <trkpt lat="13.638631" lon="100.444060"><ele>399.7</ele></trkpt>
      <trkpt lat="13.638466" lon="100.444020"><ele>400.5</ele></trkpt>
      <trkpt lat="13.638300" lon="100.443983"><ele>401.4</ele></trkpt>
      <trkpt lat="13.638133" lon="100.443949"><ele>402.3</ele></trkpt>
      <trkpt lat="13.637965" lon="100.443917"><ele>403.2</ele></trkpt>
      <trkpt lat="13.637797" lon="100.443888"><ele>404.2</ele></trkpt>
      <trkpt lat="13.637627" lon="100.443862"><ele>405.2</ele></trkpt>
      <trkpt lat="13.637457" lon="100.443839"><ele>406.2</ele></trkpt>
      <trkpt lat="13.637286" lon="100.443818"><ele>407.2</ele></trkpt>
      <trkpt lat="13.637114" lon="100.443800"><ele>408.2</ele></trkpt>
      <trkpt lat="13.636942" lon="100.443784"><ele>409.3</ele></trkpt>
      <trkpt lat="13.636769" lon="100.443772"><ele>410.3</ele></trkpt>
      <trkpt lat="13.636595" lon="100.443762"><ele>411.4</ele></trkpt>
      <trkpt lat="13.636421" lon="100.443754"><ele>412.6</ele></trkpt>
      <trkpt lat="13.636246" lon="100.443749"><ele>413.7</ele></trkpt>
      <trkpt lat="13.636071" lon="100.443747"><ele>414.9</ele></trkpt>
      <trkpt lat="13.635895" lon="100.443747"><ele>416.1</ele></trkpt>
      <trkpt lat="13.635719" lon="100.443750"><ele>417.3</ele></trkpt>
      <trkpt lat="13.635542" lon="100.443756"><ele>418.5</ele></trkpt>
      <trkpt lat="13.635365" lon="100.443763"><ele>419.8</ele></trkpt>
      <trkpt lat="13.635188" lon="100.443774"><ele>421.0</ele></trkpt>
      <trkpt lat="13.635010" lon="100.443787"><ele>422.3</ele></trkpt>
      <trkpt lat="13.634833" lon="100.443802"><ele>423.6</ele></trkpt>
      <trkpt lat="13.634655" lon="100.443820"><ele>424.9</ele></trkpt>
      <trkpt lat="13.634476" lon="100.443840"><ele>426.3</ele></trkpt>
      <trkpt lat="13.634298" lon="100.443863"><ele>427.6</ele></trkpt>
      <trkpt lat="13.634119" lon="100.443888"><ele>429.0</ele></trkpt>
      <trkpt lat="13.633941" lon="100.443915"><ele>430.4</ele></trkpt>
      <trkpt lat="13.633762" lon="100.443945"><ele>431.8</ele></trkpt>
      <trkpt lat="13.633583" lon="100.443977"><ele>433.3</ele></trkpt>
      <trkpt lat="13.633405" lon="100.444011"><ele>434.7</ele></trkpt>
      <trkpt lat="13.633226" lon="100.444047"><ele>436.2</ele></trkpt>
      <trkpt lat="13.633047" lon="100.444086"><ele>437.7</ele></trkpt>
      <trkpt lat="13.632869" lon="100.444127"><ele>439.1</ele></trkpt>
      <trkpt lat="13.632691" lon="100.444170"><ele>440.7</ele></trkpt>
      <trkpt lat="13.632512" lon="100.444215"><ele>442.2</ele></trkpt>
      <trkpt lat="13.632334" lon="100.444262"><ele>443.7</ele></trkpt>
      <trkpt lat="13.632157" lon="100.444311"><ele>445.2</ele></trkpt>
      <trkpt lat="13.631979" lon="100.444362"><ele>446.8</ele></trkpt>
      <trkpt lat="13.631802" lon="100.444415"><ele>448.4</ele></trkpt>
      <trkpt lat="13.631625" lon="100.444471"><ele>449.9</ele></trkpt>
      <trkpt lat="13.631448" lon="100.444528"><ele>451.5</ele></trkpt>
      <trkpt lat="13.631272" lon="100.444586"><ele>453.1</ele></trkpt>
      <trkpt lat="13.631096" lon="100.444647"><ele>454.7</ele></trkpt>
      <trkpt lat="13.630921" lon="100.444710"><ele>456.3</ele></trkpt>
      <trkpt lat="13.630745" lon="100.444774"><ele>457.9</ele></trkpt>
      <trkpt lat="13.630571" lon="100.444840"><ele>459.5</ele></trkpt>
      <trkpt lat="13.630397" lon="100.444908"><ele>461.2</ele></trkpt>
      <trkpt lat="13.630223" lon="100.444977"><ele>462.8</ele></trkpt>
      <trkpt lat="13.630050" lon="100.445048"><ele>464.4</ele></trkpt>
      <trkpt lat="13.629878" lon="100.445120"><ele>466.1</ele></trkpt>
      <trkpt lat="13.629706" lon="100.445194"><ele>467.7</ele></trkpt>
      <trkpt lat="13.629534" lon="100.445270"><ele>469.3</ele></trkpt>
      <trkpt lat="13.629364" lon="100.445347"><ele>471.0</ele></trkpt>
      <trkpt lat="13.629194" lon="100.445426"><ele>472.6</ele></trkpt>
      <trkpt lat="13.629024" lon="100.445505"><ele>474.2</ele></trkpt>
      <trkpt lat="13.628856" lon="100.445586"><ele>475.9</ele></trkpt>
      <trkpt lat="13.628688" lon="100.445669"><ele>477.5</ele></trkpt>
      <trkpt lat="13.628520" lon="100.445753"><ele>479.1</ele></trkpt>
      <trkpt lat="13.628354" lon="100.445838"><ele>480.8</ele></trkpt>
      <trkpt lat="13.628188" lon="100.445924"><ele>482.4</ele></trkpt>
      <trkpt lat="13.628023" lon="100.446011"><ele>484.0</ele></trkpt>
      <trkpt lat="13.627859" lon="100.446099"><ele>485.6</ele></trkpt>
      <trkpt lat="13.627695" lon="100.446189"><ele>487.2</ele></trkpt>
      <trkpt lat="13.627533" lon="100.446279"><ele>488.8</ele></trkpt>
      <trkpt lat="13.627371" lon="100.446370"><ele>490.3</ele></trkpt>
      <trkpt lat="13.627210" lon="100.446463"><ele>491.9</ele></trkpt>
      <trkpt lat="13.627050" lon="100.446556"><ele>493.5</ele></trkpt>
      <trkpt lat="13.626890" lon="100.446650"><ele>495.0</ele></trkpt>
      <trkpt lat="13.626732" lon="100.446745"><ele>496.5</ele></trkpt>
      <trkpt lat="13.626575" lon="100.446840"><ele>498.0</ele></trkpt>
      <trkpt lat="13.626418" lon="100.446936"><ele>499.5</ele></trkpt>
      <trkpt lat="13.626262" lon="100.447033"><ele>501.0</ele></trkpt>
      <trkpt lat="13.626108" lon="100.447131"><ele>502.5</ele></trkpt>
      <trkpt lat="13.625954" lon="100.447229"><ele>503.9</ele></trkpt>
      <trkpt lat="13.625801" lon="100.447328"><ele>505.4</ele></trkpt>
      <trkpt lat="13.625649" lon="100.447427"><ele>506.8</ele></trkpt>
      <trkpt lat="13.625498" lon="100.447527"><ele>508.2</ele></trkpt>
      <trkpt lat="13.625348" lon="100.447627"><ele>509.5</ele></trkpt>
      <trkpt lat="13.625199" lon="100.447728"><ele>510.9</ele></trkpt>
      <trkpt lat="13.625050" lon="100.447828"><ele>512.2</ele></trkpt>
      <trkpt lat="13.624903" lon="100.447930"><ele>513.5</ele></trkpt>
      <trkpt lat="13.624757" lon="100.448031"><ele>514.8</ele></trkpt>
      <trkpt lat="13.624612" lon="100.448133"><ele>516.0</ele></trkpt>
      <trkpt lat="13.624467" lon="100.448235"><ele>517.3</ele></trkpt>
      <trkpt lat="13.624324" lon="100.448337"><ele>518.5</ele></trkpt>
      <trkpt lat="13.624182" lon="100.448439"><ele>519.7</ele></trkpt>
      <trkpt lat="13.624040" lon="100.448541"><ele>520.8</ele></trkpt>
      <trkpt lat="13.623900" lon="100.448643"><ele>521.9</ele></trkpt>
      <trkpt lat="13.623760" lon="100.448746"><ele>523.0</ele></trkpt>
      <trkpt lat="13.623622" lon="100.448848"><ele>524.1</ele></trkpt>
      <trkpt lat="13.623484" lon="100.448950"><ele>525.1</ele></trkpt>
      <trkpt lat="13.623348" lon="100.449052"><ele>526.1</ele></trkpt>
      <trkpt lat="13.623212" lon="100.449154"><ele>527.1</ele></trkpt>
      <trkpt lat="13.623077" lon="100.449256"><ele>528.0</ele></trkpt>
      <trkpt lat="13.622944" lon="100.449357"><ele>529.0</ele></trkpt>
      <trkpt lat="13.622811" lon="100.449459"><ele>529.8</ele></trkpt>
      <trkpt lat="13.622679" lon="100.449560"><ele>530.7</ele></trkpt>
      <trkpt lat="13.622548" lon="100.449660"><ele>531.5</ele></trkpt>
      <trkpt lat="13.622418" lon="100.449761"><ele>532.3</ele></trkpt>
      <trkpt lat="13.622289" lon="100.449861"><ele>533.0</ele></trkpt>
      <trkpt lat="13.622161" lon="100.449960"><ele>533.7</ele></trkpt>
      <trkpt lat="13.622034" lon="100.450059"><ele>534.4</ele></trkpt>
      <trkpt lat="13.621908" lon="100.450158"><ele>535.0</ele></trkpt>
      <trkpt lat="13.621782" lon="100.450256"><ele>535.6</ele></trkpt>
      <trkpt lat="13.621658" lon="100.450354"><ele>536.2</ele></trkpt>
      <trkpt lat="13.621534" lon="100.450451"><ele>536.7</ele></trkpt>
      <trkpt lat="13.621411" lon="100.450547"><ele>537.2</ele></trkpt>
      <trkpt lat="13.621289" lon="100.450643"><ele>537.6</ele></trkpt>
      <trkpt lat="13.621168" lon="100.450738"><ele>538.0</ele></trkpt>
      <trkpt lat="13.621048" lon="100.450833"><ele>538.4</ele></trkpt>
      <trkpt lat="13.620928" lon="100.450927"><ele>538.7</ele></trkpt>
      <trkpt lat="13.620810" lon="100.451020"><ele>539.0</ele></trkpt>
      <trkpt lat="13.620692" lon="100.451112"><ele>539.3</ele></trkpt>
      <trkpt lat="13.620574" lon="100.451204"><ele>539.5</ele></trkpt>
      <trkpt lat="13.620458" lon="100.451295"><ele>539.7</ele></trkpt>
      <trkpt lat="13.620342" lon="100.451385"><ele>539.8</ele></trkpt>
      <trkpt lat="13.620228" lon="100.451474"><ele>539.9</ele></trkpt>
      <trkpt lat="13.620113" lon="100.451562"><ele>540.0</ele></trkpt>
      <trkpt lat="13.620000" lon="100.451650"><ele>540.0</ele></trkpt>
      <trkpt lat="13.619887" lon="100.451737"><ele>540.0</ele></trkpt>
      <trkpt lat="13.619775" lon="100.451822"><ele>539.9</ele></trkpt>
      <trkpt lat="13.619664" lon="100.451907"><ele>539.8</ele></trkpt>
      <trkpt lat="13.619553" lon="100.451991"><ele>539.7</ele></trkpt>
      <trkpt lat="13.619443" lon="100.452074"><ele>539.5</ele></trkpt>
      <trkpt lat="13.619333" lon="100.452156"><ele>539.3</ele></trkpt>
      <trkpt lat="13.619224" lon="100.452237"><ele>539.0</ele></trkpt>
      <trkpt lat="13.619116" lon="100.452317"><ele>538.7</ele></trkpt>
      <trkpt lat="13.619008" lon="100.452396"><ele>538.4</ele></trkpt>
      <trkpt lat="13.618901" lon="100.452474"><ele>538.0</ele></trkpt>
      <trkpt lat="13.618795" lon="100.452551"><ele>537.6</ele></trkpt>
      <trkpt lat="13.618688" lon="100.452627"><ele>537.2</ele></trkpt>
      <trkpt lat="13.618583" lon="100.452702"><ele>536.7</ele></trkpt>
      <trkpt lat="13.618478" lon="100.452775"><ele>536.2</ele></trkpt>
      <trkpt lat="13.618373" lon="100.452848"><ele>535.6</ele></trkpt>
      <trkpt lat="13.618269" lon="100.452920"><ele>535.0</ele></trkpt>
      <trkpt lat="13.618165" lon="100.452990"><ele>534.4</ele></trkpt>
      <trkpt lat="13.618062" lon="100.453060"><ele>533.7</ele></trkpt>
      <trkpt lat="13.617959" lon="100.453128"><ele>533.0</ele></trkpt>
      <trkpt lat="13.617856" lon="100.453195"><ele>532.3</ele></trkpt>
      <trkpt lat="13.617754" lon="100.453262"><ele>531.5</ele></trkpt>
      <trkpt lat="13.617652" lon="100.453327"><ele>530.7</ele></trkpt>
      <trkpt lat="13.617551" lon="100.453391"><ele>529.8</ele></trkpt>
      <trkpt lat="13.617450" lon="100.453454"><ele>529.0</ele></trkpt>
      <trkpt lat="13.617349" lon="100.453515"><ele>528.0</ele></trkpt>
      <trkpt lat="13.617248" lon="100.453576"><ele>527.1</ele></trkpt>
      <trkpt lat="13.617148" lon="100.453636"><ele>526.1</ele></trkpt>
      <trkpt lat="13.617048" lon="100.453694"><ele>525.1</ele></trkpt>
      <trkpt lat="13.616948" lon="100.453751"><ele>524.1</ele></trkpt>
      <trkpt lat="13.616849" lon="100.453808"><ele>523.0</ele></trkpt>
      <trkpt lat="13.616749" lon="100.453863"><ele>521.9</ele></trkpt>
      <trkpt lat="13.616650" lon="100.453917"><ele>520.8</ele></trkpt>
      <trkpt lat="13.616551" lon="100.453970"><ele>519.7</ele></trkpt>
      <trkpt lat="13.616452" lon="100.454022"><ele>518.5</ele></trkpt>
      <trkpt lat="13.616354" lon="100.454073"><ele>517.3</ele></trkpt>
      <trkpt lat="13.616255" lon="100.454122"><ele>516.0</ele></trkpt>
      <trkpt lat="13.616157" lon="100.454171"><ele>514.8</ele></trkpt>
      <trkpt lat="13.616058" lon="100.454219"><ele>513.5</ele></trkpt>
      <trkpt lat="13.615960" lon="100.454266"><ele>512.2</ele></trkpt>
      <trkpt lat="13.615862" lon="100.454311"><ele>510.9</ele></trkpt>
      <trkpt lat="13.615764" lon="100.454356"><ele>509.5</ele></trkpt>
      <trkpt lat="13.615666" lon="100.454399"><ele>508.2</ele></trkpt>
      <trkpt lat="13.615568" lon="100.454442"><ele>506.8</ele></trkpt>
      <trkpt lat="13.615470" lon="100.454484"><ele>505.4</ele></trkpt>
      <trkpt lat="13.615372" lon="100.454524"><ele>503.9</ele></trkpt>
      <trkpt lat="13.615274" lon="100.454564"><ele>502.5</ele></trkpt>
      <trkpt lat="13.615176" lon="100.454603"><ele>501.0</ele></trkpt>
      <trkpt lat="13.615077" lon="100.454640"><ele>499.5</ele></trkpt>
      <trkpt lat="13.614979" lon="100.454677"><ele>498.0</ele></trkpt>
      <trkpt lat="13.614881" lon="100.454713"><ele>496.5</ele></trkpt>
      <trkpt lat="13.614783" lon="100.454748"><ele>495.0</ele></trkpt>
      <trkpt lat="13.614684" lon="100.454783"><ele>493.5</ele></trkpt>
      <trkpt lat="13.614586" lon="100.454816"><ele>491.9</ele></trkpt>
      <trkpt lat="13.614487" lon="100.454849"><ele>490.3</ele></trkpt>
      <trkpt lat="13.614389" lon="100.454880"><ele>488.8</ele></trkpt>
      <trkpt lat="13.614290" lon="100.454911"><ele>487.2</ele></trkpt>
      <trkpt lat="13.614191" lon="100.454941"><ele>485.6</ele></trkpt>
      <trkpt lat="13.614092" lon="100.454971"><ele>484.0</ele></trkpt>
      <trkpt lat="13.613993" lon="100.454999"><ele>482.4</ele></trkpt>
      <trkpt lat="13.613893" lon="100.455027"><ele>480.8</ele></trkpt>
      <trkpt lat="13.613794" lon="100.455055"><ele>479.1</ele></trkpt>
      <trkpt lat="13.613694" lon="100.455081"><ele>477.5</ele></trkpt>
      <trkpt lat="13.613594" lon="100.455107"><ele>475.9</ele></trkpt>
      <trkpt lat="13.613494" lon="100.455132"><ele>474.2</ele></trkpt>
      <trkpt lat="13.613394" lon="100.455157"><ele>472.6</ele></trkpt>
      <trkpt lat="13.613293" lon="100.455181"><ele>471.0</ele></trkpt>
      <trkpt lat="13.613193" lon="100.455204"><ele>469.3</ele></trkpt>
      <trkpt lat="13.613092" lon="100.455227"><ele>467.7</ele></trkpt>
      <trkpt lat="13.612991" lon="100.455250"><ele>466.1</ele></trkpt>
      <trkpt lat="13.612890" lon="100.455271"><ele>464.4</ele></trkpt>
      <trkpt lat="13.612788" lon="100.455293"><ele>462.8</ele></trkpt>
      <trkpt lat="13.612686" lon="100.455314"><ele>461.2</ele></trkpt>
      <trkpt lat="13.612584" lon="100.455334"><ele>459.5</ele></trkpt>
      <trkpt lat="13.612482" lon="100.455354"><ele>457.9</ele></trkpt>
      <trkpt lat="13.612379" lon="100.455374"><ele>456.3</ele></trkpt>
      <trkpt lat="13.612277" lon="100.455393"><ele>454.7</ele></trkpt>
      <trkpt lat="13.612174" lon="100.455412"><ele>453.1</ele></trkpt>
      <trkpt lat="13.612071" lon="100.455431"><ele>451.5</ele></trkpt>
      <trkpt lat="13.611967" lon="100.455449"><ele>449.9</ele></trkpt>
      <trkpt lat="13.611864" lon="100.455467"><ele>448.4</ele></trkpt>
      <trkpt lat="13.611760" lon="100.455485"><ele>446.8</ele></trkpt>
      <trkpt lat="13.611655" lon="100.455502"><ele>445.2</ele></trkpt>
      <trkpt lat="13.611551" lon="100.455520"><ele>443.7</ele></trkpt>
      <trkpt lat="13.611446" lon="100.455537"><ele>442.2</ele></trkpt>
      <trkpt lat="13.611341" lon="100.455554"><ele>440.7</ele></trkpt>
      <trkpt lat="13.611236" lon="100.455571"><ele>439.1</ele></trkpt>
      <trkpt lat="13.611131" lon="100.455587"><ele>437.7</ele></trkpt>
      <trkpt lat="13.611025" lon="100.455604"><ele>436.2</ele></trkpt>
      <trkpt lat="13.610919" lon="100.455621"><ele>434.7</ele></trkpt>
      <trkpt lat="13.610813" lon="100.455637"><ele>433.3</ele></trkpt>
      <trkpt lat="13.610707" lon="100.455654"><ele>431.8</ele></trkpt>
      <trkpt lat="13.610601" lon="100.455670"><ele>430.4</ele></trkpt>
      <trkpt lat="13.610494" lon="100.455687"><ele>429.0</ele></trkpt>
      <trkpt lat="13.610387" lon="100.455703"><ele>427.6</ele></trkpt>
      <trkpt lat="13.610280" lon="100.455720"><ele>426.3</ele></trkpt>
      <trkpt lat="13.610172" lon="100.455737"><ele>424.9</ele></trkpt>
      <trkpt lat="13.610065" lon="100.455754"><ele>423.6</ele></trkpt>
      <trkpt lat="13.609957" lon="100.455771"><ele>422.3</ele></trkpt>
      <trkpt lat="13.609849" lon="100.455788"><ele>421.0</ele></trkpt>
      <trkpt lat="13.609741" lon="100.455805"><ele>419.8</ele></trkpt>
      <trkpt lat="13.609633" lon="100.455823"><ele>418.5</ele></trkpt>
      <trkpt lat="13.609524" lon="100.455841"><ele>417.3</ele></trkpt>
      <trkpt lat="13.609415" lon="100.455859"><ele>416.1</ele></trkpt>
      <trkpt lat="13.609307" lon="100.455877"><ele>414.9</ele></trkpt>
      <trkpt lat="13.609198" lon="100.455896"><ele>413.7</ele></trkpt>
      <trkpt lat="13.609089" lon="100.455915"><ele>412.6</ele></trkpt>
      <trkpt lat="13.608979" lon="100.455934"><ele>411.4</ele></trkpt>
      <trkpt lat="13.608870" lon="100.455954"><ele>410.3</ele></trkpt>
      <trkpt lat="13.608761" lon="100.455974"><ele>409.3</ele></trkpt>
      <trkpt lat="13.608651" lon="100.455994"><ele>408.2</ele></trkpt>
      <trkpt lat="13.608541" lon="100.456015"><ele>407.2</ele></trkpt>
      <trkpt lat="13.608432" lon="100.456037"><ele>406.2</ele></trkpt>
      <trkpt lat="13.608322" lon="100.456058"><ele>405.2</ele></trkpt>
      <trkpt lat="13.608212" lon="100.456080"><ele>404.2</ele></trkpt>
      <trkpt lat="13.608102" lon="100.456103"><ele>403.2</ele></trkpt>
      <trkpt lat="13.607992" lon="100.456126"><ele>402.3</ele></trkpt>
      <trkpt lat="13.607882" lon="100.456150"><ele>401.4</ele></trkpt>
      <trkpt lat="13.607772" lon="100.456174"><ele>400.5</ele></trkpt>
      <trkpt lat="13.607662" lon="100.456199"><ele>399.7</ele></trkpt>
      <trkpt lat="13.607551" lon="100.456224"><ele>398.8</ele></trkpt>
      <trkpt lat="13.607441" lon="100.456250"><ele>398.0</ele></trkpt>
      <trkpt lat="13.607331" lon="100.456276"><ele>397.2</ele></trkpt>
      <trkpt lat="13.607221" lon="100.456303"><ele>396.4</ele></trkpt>
      <trkpt lat="13.607111" lon="100.456331"><ele>395.7</ele></trkpt>
      <trkpt lat="13.607001" lon="100.456359"><ele>395.0</ele></trkpt>
      <trkpt lat="13.606891" lon="100.456388"><ele>394.2</ele></trkpt>
      <trkpt lat="13.606781" lon="100.456418"><ele>393.5</ele></trkpt>
      <trkpt lat="13.606671" lon="100.456448"><ele>392.9</ele></trkpt>
      <trkpt lat="13.606561" lon="100.456479"><ele>392.2</ele></trkpt>
      <trkpt lat="13.606452" lon="100.456511"><ele>391.6</ele></trkpt>
      <trkpt lat="13.606342" lon="100.456543"><ele>391.0</ele></trkpt>
      <trkpt lat="13.606233" lon="100.456576"><ele>390.4</ele></trkpt>
      <trkpt lat="13.606123" lon="100.456610"><ele>389.8</ele></trkpt>
      <trkpt lat="13.606014" lon="100.456644"><ele>389.3</ele></trkpt>
      <trkpt lat="13.605905" lon="100.456679"><ele>388.7</ele></trkpt>
      <trkpt lat="13.605796" lon="100.456715"><ele>388.2</ele></trkpt>
      <trkpt lat="13.605687" lon="100.456752"><ele>387.7</ele></trkpt>
      <trkpt lat="13.605579" lon="100.456789"><ele>387.2</ele></trkpt>
      <trkpt lat="13.605470" lon="100.456828"><ele>386.7</ele></trkpt>
      <trkpt lat="13.605362" lon="100.456867"><ele>386.3</ele></trkpt>
      <trkpt lat="13.605254" lon="100.456906"><ele>385.8</ele></trkpt>
      <trkpt lat="13.605146" lon="100.456947"><ele>385.4</ele></trkpt>
      <trkpt lat="13.605039" lon="100.456988"><ele>385.0</ele></trkpt>
      <trkpt lat="13.604931" lon="100.457030"><ele>384.6</ele></trkpt>
      <trkpt lat="13.604824" lon="100.457073"><ele>384.2</ele></trkpt>
      <trkpt lat="13.604717" lon="100.457117"><ele>383.9</ele></trkpt>
      <trkpt lat="13.604611" lon="100.457161"><ele>383.5</ele></trkpt>
      <trkpt lat="13.604504" lon="100.457207"><ele>383.2</ele></trkpt>
      <trkpt lat="13.604398" lon="100.457253"><ele>382.8</ele></trkpt>
      <trkpt lat="13.604293" lon="100.457300"><ele>382.5</ele></trkpt>
      <trkpt lat="13.604187" lon="100.457347"><ele>382.2</ele></trkpt>
      <trkpt lat="13.604082" lon="100.457396"><ele>381.9</ele></trkpt>
      <trkpt lat="13.603977" lon="100.457445"><ele>381.6</ele></trkpt>
      <trkpt lat="13.603873" lon="100.457495"><ele>381.3</ele></trkpt>
      <trkpt lat="13.603768" lon="100.457546"><ele>381.0</ele></trkpt>
      <trkpt lat="13.603664" lon="100.457598"><ele>380.8</ele></trkpt>
      <trkpt lat="13.603561" lon="100.457651"><ele>380.5</ele></trkpt>
      <trkpt lat="13.603458" lon="100.457704"><ele>380.2</ele></trkpt>
      <trkpt lat="13.603355" lon="100.457758"><ele>380.0</ele></trkpt>
      <trkpt lat="13.603252" lon="100.457813"><ele>379.7</ele></trkpt>
      <trkpt lat="13.603150" lon="100.457869"><ele>379.5</ele></trkpt>
      <trkpt lat="13.603048" lon="100.457925"><ele>379.2</ele></trkpt>
      <trkpt lat="13.602947" lon="100.457983"><ele>379.0</ele></trkpt>
      <trkpt lat="13.602846" lon="100.458041"><ele>378.8</ele></trkpt>
      <trkpt lat="13.602745" lon="100.458100"><ele>378.5</ele></trkpt>
      <trkpt lat="13.602645" lon="100.458159"><ele>378.3</ele></trkpt>
      <trkpt lat="13.602545" lon="100.458220"><ele>378.1</ele></trkpt>
      <trkpt lat="13.602446" lon="100.458281"><ele>377.8</ele></trkpt>
      <trkpt lat="13.602347" lon="100.458343"><ele>377.6</ele></trkpt>
      <trkpt lat="13.602248" lon="100.458406"><ele>377.4</ele></trkpt>
      <trkpt lat="13.602150" lon="100.458469"><ele>377.1</ele></trkpt>
      <trkpt lat="13.602052" lon="100.458533"><ele>376.9</ele></trkpt>
      <trkpt lat="13.601954" lon="100.458598"><ele>376.6</ele></trkpt>
      <trkpt lat="13.601857" lon="100.458664"><ele>376.4</ele></trkpt>
      <trkpt lat="13.601760" lon="100.458730"><ele>376.1</ele></trkpt>
      <trkpt lat="13.601664" lon="100.458797"><ele>375.9</ele></trkpt>
      <trkpt lat="13.601568" lon="100.458865"><ele>375.6</ele></trkpt>
      <trkpt lat="13.601473" lon="100.458933"><ele>375.4</ele></trkpt>
      <trkpt lat="13.601378" lon="100.459002"><ele>375.1</ele></trkpt>
      <trkpt lat="13.601283" lon="100.459072"><ele>374.8</ele></trkpt>
      <trkpt lat="13.601189" lon="100.459143"><ele>374.5</ele></trkpt>
      <trkpt lat="13.601095" lon="100.459214"><ele>374.2</ele></trkpt>
      <trkpt lat="13.601002" lon="100.459286"><ele>373.9</ele></trkpt>
      <trkpt lat="13.600909" lon="100.459358"><ele>373.6</ele></trkpt>
      <trkpt lat="13.600816" lon="100.459431"><ele>373.3</ele></trkpt>
      <trkpt lat="13.600724" lon="100.459505"><ele>372.9</ele></trkpt>
      <trkpt lat="13.600633" lon="100.459579"><ele>372.6</ele></trkpt>
      <trkpt lat="13.600541" lon="100.459654"><ele>372.2</ele></trkpt>
      <trkpt lat="13.600450" lon="100.459729"><ele>371.9</ele></trkpt>
      <trkpt lat="13.600360" lon="100.459805"><ele>371.5</ele></trkpt>
      <trkpt lat="13.600269" lon="100.459882"><ele>371.1</ele></trkpt>
      <trkpt lat="13.600180" lon="100.459959"><ele>370.7</ele></trkpt>
      <trkpt lat="13.600090" lon="100.460036"><ele>370.3</ele></trkpt>
      <trkpt lat="13.600001" lon="100.460114"><ele>369.9</ele></trkpt>
      <trkpt lat="13.599912" lon="100.460193"><ele>369.4</ele></trkpt>
      <trkpt lat="13.599824" lon="100.460272"><ele>369.0</ele></trkpt>
      <trkpt lat="13.599736" lon="100.460352"><ele>368.5</ele></trkpt>
      <trkpt lat="13.599648" lon="100.460432"><ele>368.0</ele></trkpt>
      <trkpt lat="13.599561" lon="100.460513"><ele>367.5</ele></trkpt>
      <trkpt lat="13.599474" lon="100.460594"><ele>367.0</ele></trkpt>
      <trkpt lat="13.599387" lon="100.460676"><ele>366.5</ele></trkpt>
      <trkpt lat="13.599301" lon="100.460758"><ele>365.9</ele></trkpt>
      <trkpt lat="13.599215" lon="100.460840"><ele>365.4</ele></trkpt>
      <trkpt lat="13.599129" lon="100.460923"><ele>364.8</ele></trkpt>
      <trkpt lat="13.599044" lon="100.461006"><ele>364.2</ele></trkpt>
      <trkpt lat="13.598958" lon="100.461090"><ele>363.6</ele></trkpt>
      <trkpt lat="13.598873" lon="100.461174"><ele>362.9</ele></trkpt>
      <trkpt lat="13.598789" lon="100.461259"><ele>362.3</ele></trkpt>
      <trkpt lat="13.598704" lon="100.461344"><ele>361.6</ele></trkpt>
      <trkpt lat="13.598620" lon="100.461429"><ele>361.0</ele></trkpt>
      <trkpt lat="13.598536" lon="100.461514"><ele>360.3</ele></trkpt>
      <trkpt lat="13.598453" lon="100.461600"><ele>359.6</ele></trkpt>
      <trkpt lat="13.598369" lon="100.461686"><ele>358.8</ele></trkpt>
      <trkpt lat="13.598286" lon="100.461773"><ele>358.1</ele></trkpt>
      <trkpt lat="13.598203" lon="100.461860"><ele>357.4</ele></trkpt>
      <trkpt lat="13.598120" lon="100.461947"><ele>356.6</ele></trkpt>
      <trkpt lat="13.598037" lon="100.462034"><ele>355.8</ele></trkpt>
      <trkpt lat="13.597954" lon="100.462122"><ele>355.0</ele></trkpt>
      <trkpt lat="13.597872" lon="100.462210"><ele>354.2</ele></trkpt>
      <trkpt lat="13.597790" lon="100.462298"><ele>353.3</ele></trkpt>
      <trkpt lat="13.597707" lon="100.462387"><ele>352.5</ele></trkpt>
      <trkpt lat="13.597625" lon="100.462476"><ele>351.6</ele></trkpt>
      <trkpt lat="13.597543" lon="100.462565"><ele>350.7</ele></trkpt>
      <trkpt lat="13.597461" lon="100.462654"><ele>349.8</ele></trkpt>
      <trkpt lat="13.597379" lon="100.462743"><ele>348.9</ele></trkpt>
      <trkpt lat="13.597298" lon="100.462833"><ele>348.0</ele></trkpt>
      <trkpt lat="13.597216" lon="100.462923"><ele>347.1</ele></trkpt>
      <trkpt lat="13.597134" lon="100.463013"><ele>346.1</ele></trkpt>
      <trkpt lat="13.597053" lon="100.463104"><ele>345.1</ele></trkpt>
      <trkpt lat="13.596971" lon="100.463194"><ele>344.2</ele></trkpt>
      <trkpt lat="13.596889" lon="100.463285"><ele>343.2</ele></trkpt>
      <trkpt lat="13.596807" lon="100.463376"><ele>342.2</ele></trkpt>
      <trkpt lat="13.596726" lon="100.463467"><ele>341.1</ele></trkpt>
      <trkpt lat="13.596644" lon="100.463558"><ele>340.1</ele></trkpt>
      <trkpt lat="13.596562" lon="100.463649"><ele>339.1</ele></trkpt>
      <trkpt lat="13.596480" lon="100.463741"><ele>338.0</ele></trkpt>
      <trkpt lat="13.596398" lon="100.463832"><ele>337.0</ele></trkpt>
      <trkpt lat="13.596316" lon="100.463924"><ele>335.9</ele></trkpt>
      <trkpt lat="13.596234" lon="100.464016"><ele>334.8</ele></trkpt>
      <trkpt lat="13.596151" lon="100.464108"><ele>333.7</ele></trkpt>
      <trkpt lat="13.596069" lon="100.464201"><ele>332.6</ele></trkpt>
      <trkpt lat="13.595986" lon="100.464293"><ele>331.5</ele></trkpt>
      <trkpt lat="13.595903" lon="100.464386"><ele>330.4</ele></trkpt>
      <trkpt lat="13.595820" lon="100.464478"><ele>329.3</ele></trkpt>
      <trkpt lat="13.595737" lon="100.464571"><ele>328.2</ele></trkpt>
      <trkpt lat="13.595654" lon="100.464664"><ele>327.0</ele></trkpt>
      <trkpt lat="13.595570" lon="100.464757"><ele>325.9</ele></trkpt>
      <trkpt lat="13.595487" lon="100.464851"><ele>324.8</ele></trkpt>
      <trkpt lat="13.595403" lon="100.464944"><ele>323.6</ele></trkpt>
      <trkpt lat="13.595318" lon="100.465038"><ele>322.5</ele></trkpt>
      <trkpt lat="13.595234" lon="100.465131"><ele>321.4</ele></trkpt>
      <trkpt lat="13.595149" lon="100.465225"><ele>320.2</ele></trkpt>
      <trkpt lat="13.595064" lon="100.465319"><ele>319.1</ele></trkpt>
      <trkpt lat="13.594979" lon="100.465413"><ele>317.9</ele></trkpt>
      <trkpt lat="13.594893" lon="100.465507"><ele>316.8</ele></trkpt>
      <trkpt lat="13.594807" lon="100.465601"><ele>315.6</ele></trkpt>
      <trkpt lat="13.594721" lon="100.465696"><ele>314.5</ele></trkpt>
      <trkpt lat="13.594634" lon="100.465791"><ele>313.4</ele></trkpt>
      <trkpt lat="13.594547" lon="100.465885"><ele>312.2</ele></trkpt>
      <trkpt lat="13.594460" lon="100.465980"><ele>311.1</ele></trkpt>
      <trkpt lat="13.594372" lon="100.466075"><ele>310.0</ele></trkpt>
      <trkpt lat="13.594284" lon="100.466171"><ele>308.8</ele></trkpt>
      <trkpt lat="13.594196" lon="100.466266"><ele>307.7</ele></trkpt>
      <trkpt lat="13.594107" lon="100.466362"><ele>306.6</ele></trkpt>
      <trkpt lat="13.594018" lon="100.466457"><ele>305.5</ele></trkpt>
      <trkpt lat="13.593928" lon="100.466553"><ele>304.4</ele></trkpt>
      <trkpt lat="13.593838" lon="100.466650"><ele>303.4</ele></trkpt>
      <trkpt lat="13.593748" lon="100.466746"><ele>302.3</ele></trkpt>
      <trkpt lat="13.593657" lon="100.466842"><ele>301.2</ele></trkpt>
      <trkpt lat="13.593566" lon="100.466939"><ele>300.2</ele></trkpt>
      <trkpt lat="13.593475" lon="100.467036"><ele>299.1</ele></trkpt>
      <trkpt lat="13.593383" lon="100.467133"><ele>298.1</ele></trkpt>
      <trkpt lat="13.593290" lon="100.467231"><ele>297.1</ele></trkpt>
      <trkpt lat="13.593197" lon="100.467328"><ele>296.1</ele></trkpt>
      <trkpt lat="13.593104" lon="100.467426"><ele>295.1</ele></trkpt>
      <trkpt lat="13.593010" lon="100.467524"><ele>294.2</ele></trkpt>
      <trkpt lat="13.592916" lon="100.467623"><ele>293.2</ele></trkpt>
      <trkpt lat="13.592821" lon="100.467722"><ele>292.3</ele></trkpt>
      <trkpt lat="13.592726" lon="100.467821"><ele>291.4</ele></trkpt>
      <trkpt lat="13.592631" lon="100.467920"><ele>290.5</ele></trkpt>
      <trkpt lat="13.592535" lon="100.468019"><ele>289.6</ele></trkpt>
      <trkpt lat="13.592438" lon="100.468119"><ele>288.8</ele></trkpt>
      <trkpt lat="13.592342" lon="100.468219"><ele>287.9</ele></trkpt>
      <trkpt lat="13.592244" lon="100.468320"><ele>287.1</ele></trkpt>
      <trkpt lat="13.592147" lon="100.468421"><ele>286.3</ele></trkpt>
      <trkpt lat="13.592049" lon="100.468522"><ele>285.6</ele></trkpt>
      <trkpt lat="13.591950" lon="100.468623"><ele>284.8</ele></trkpt>
      <trkpt lat="13.591851" lon="100.468725"><ele>284.1</ele></trkpt>
      <trkpt lat="13.591752" lon="100.468828"><ele>283.4</ele></trkpt>
      <trkpt lat="13.591652" lon="100.468930"><ele>282.7</ele></trkpt>
      <trkpt lat="13.591552" lon="100.469033"><ele>282.1</ele></trkpt>
      <trkpt lat="13.591451" lon="100.469137"><ele>281.5</ele></trkpt>
      <trkpt lat="13.591350" lon="100.469241"><ele>280.9</ele></trkpt>
      <trkpt lat="13.591248" lon="100.469345"><ele>280.3</ele></trkpt>
      <trkpt lat="13.591147" lon="100.469450"><ele>279.8</ele></trkpt>
      <trkpt lat="13.591044" lon="100.469555"><ele>279.3</ele></trkpt>
      <trkpt lat="13.590942" lon="100.469661"><ele>278.8</ele></trkpt>
      <trkpt lat="13.590839" lon="100.469767"><ele>278.3</ele></trkpt>
      <trkpt lat="13.590736" lon="100.469873"><ele>277.9</ele></trkpt>
      <trkpt lat="13.590632" lon="100.469981"><ele>277.5</ele></trkpt>
      <trkpt lat="13.590528" lon="100.470088"><ele>277.1</ele></trkpt>
      <trkpt lat="13.590424" lon="100.470196"><ele>276.8</ele></trkpt>
      <trkpt lat="13.590319" lon="100.470305"><ele>276.5</ele></trkpt>
      <trkpt lat="13.590214" lon="100.470414"><ele>276.2</ele></trkpt>
      <trkpt lat="13.590109" lon="100.470524"><ele>276.0</ele></trkpt>
      <trkpt lat="13.590004" lon="100.470635"><ele>275.8</ele></trkpt>
      <trkpt lat="13.589898" lon="100.470746"><ele>275.6</ele></trkpt>
      <trkpt lat="13.589792" lon="100.470857"><ele>275.4</ele></trkpt>
      <trkpt lat="13.589686" lon="100.470969"><ele>275.3</ele></trkpt>
      <trkpt lat="13.589580" lon="100.471082"><ele>275.2</ele></trkpt>
      <trkpt lat="13.589473" lon="100.471195"><ele>275.2</ele></trkpt>
      <trkpt lat="13.589367" lon="100.471309"><ele>275.2</ele></trkpt>
      <trkpt lat="13.589260" lon="100.471424"><ele>275.2</ele></trkpt>
      <trkpt lat="13.589153" lon="100.471539"><ele>275.2</ele></trkpt>
      <trkpt lat="13.589046" lon="100.471655"><ele>275.3</ele></trkpt>
      <trkpt lat="13.588939" lon="100.471772"><ele>275.4</ele></trkpt>
      <trkpt lat="13.588832" lon="100.471889"><ele>275.6</ele></trkpt>
      <trkpt lat="13.588724" lon="100.472007"><ele>275.7</ele></trkpt>
      <trkpt lat="13.588617" lon="100.472125"><ele>276.0</ele></trkpt>
      <trkpt lat="13.588510" lon="100.472245"><ele>276.2</ele></trkpt>
      <trkpt lat="13.588403" lon="100.472365"><ele>276.5</ele></trkpt>
      <trkpt lat="13.588295" lon="100.472486"><ele>276.8</ele></trkpt>
      <trkpt lat="13.588188" lon="100.472607"><ele>277.1</ele></trkpt>
      <trkpt lat="13.588081" lon="100.472729"><ele>277.5</ele></trkpt>
      <trkpt lat="13.587974" lon="100.472852"><ele>277.9</ele></trkpt>
      <trkpt lat="13.587867" lon="100.472976"><ele>278.4</ele></trkpt>
      <trkpt lat="13.587760" lon="100.473101"><ele>278.8</ele></trkpt>
      <trkpt lat="13.587654" lon="100.473226"><ele>279.3</ele></trkpt>
      <trkpt lat="13.587548" lon="100.473352"><ele>279.9</ele></trkpt>
      <trkpt lat="13.587442" lon="100.473479"><ele>280.4</ele></trkpt>
      <trkpt lat="13.587336" lon="100.473606"><ele>281.0</ele></trkpt>
      <trkpt lat="13.587230" lon="100.473735"><ele>281.7</ele></trkpt>
      <trkpt lat="13.587125" lon="100.473864"><ele>282.3</ele></trkpt>
      <trkpt lat="13.587020" lon="100.473994"><ele>283.0</ele></trkpt>
      <trkpt lat="13.586916" lon="100.474124"><ele>283.7</ele></trkpt>
      <trkpt lat="13.586812" lon="100.474256"><ele>284.5</ele></trkpt>
      <trkpt lat="13.586708" lon="100.474388"><ele>285.2</ele></trkpt>
      <trkpt lat="13.586605" lon="100.474522"><ele>286.1</ele></trkpt>
      <trkpt lat="13.586502" lon="100.474655"><ele>286.9</ele></trkpt>
      <trkpt lat="13.586400" lon="100.474790"><ele>287.7</ele></trkpt>
      <trkpt lat="13.586298" lon="100.474926"><ele>288.6</ele></trkpt>
      <trkpt lat="13.586197" lon="100.475062"><ele>289.5</ele></trkpt>
      <trkpt lat="13.586097" lon="100.475200"><ele>290.5</ele></trkpt>
      <trkpt lat="13.585997" lon="100.475338"><ele>291.4</ele></trkpt>
      <trkpt lat="13.585898" lon="100.475476"><ele>292.4</ele></trkpt>
      <trkpt lat="13.585799" lon="100.475616"><ele>293.4</ele></trkpt>
      <trkpt lat="13.585702" lon="100.475757"><ele>294.5</ele></trkpt>
      <trkpt lat="13.585605" lon="100.475898"><ele>295.5</ele></trkpt>
      <trkpt lat="13.585509" lon="100.476040"><ele>296.6</ele></trkpt>
      <trkpt lat="13.585414" lon="100.476183"><ele>297.7</ele></trkpt>
      <trkpt lat="13.585319" lon="100.476327"><ele>298.8</ele></trkpt>
      <trkpt lat="13.585226" lon="100.476471"><ele>300.0</ele></trkpt>
      <trkpt lat="13.585133" lon="100.476617"><ele>301.2</ele></trkpt>
      <trkpt lat="13.585042" lon="100.476763"><ele>302.3</ele></trkpt>
      <trkpt lat="13.584951" lon="100.476910"><ele>303.5</ele></trkpt>
      <trkpt lat="13.584861" lon="100.477057"><ele>304.7</ele></trkpt>
      <trkpt lat="13.584773" lon="100.477206"><ele>306.0</ele></trkpt>
      <trkpt lat="13.584685" lon="100.477355"><ele>307.2</ele></trkpt>
      <trkpt lat="13.584599" lon="100.477505"><ele>308.5</ele></trkpt>
      <trkpt lat="13.584514" lon="100.477656"><ele>309.8</ele></trkpt>
      <trkpt lat="13.584430" lon="100.477807"><ele>311.1</ele></trkpt>
      <trkpt lat="13.584348" lon="100.477959"><ele>312.4</ele></trkpt>
      <trkpt lat="13.584266" lon="100.478112"><ele>313.7</ele></trkpt>
      <trkpt lat="13.584186" lon="100.478266"><ele>315.0</ele></trkpt>
      <trkpt lat="13.584107" lon="100.478420"><ele>316.3</ele></trkpt>
      <trkpt lat="13.584030" lon="100.478575"><ele>317.7</ele></trkpt>
      <trkpt lat="13.583954" lon="100.478731"><ele>319.0</ele></trkpt>
      <trkpt lat="13.583879" lon="100.478888"><ele>320.4</ele></trkpt>
      <trkpt lat="13.583806" lon="100.479045"><ele>321.7</ele></trkpt>
      <trkpt lat="13.583735" lon="100.479202"><ele>323.1</ele></trkpt>
      <trkpt lat="13.583664" lon="100.479361"><ele>324.5</ele></trkpt>
      <trkpt lat="13.583596" lon="100.479520"><ele>325.9</ele></trkpt>
      <trkpt lat="13.583529" lon="100.479679"><ele>327.2</ele></trkpt>
      <trkpt lat="13.583464" lon="100.479839"><ele>328.6</ele></trkpt>
      <trkpt lat="13.583400" lon="100.480000"><ele>330.0</ele></trkpt>
      <trkpt lat="13.583338" lon="100.480161"><ele>331.4</ele></trkpt>
      <trkpt lat="13.583278" lon="100.480323"><ele>332.8</ele></trkpt>
      <trkpt lat="13.583219" lon="100.480485"><ele>334.1</ele></trkpt>
      <trkpt lat="13.583162" lon="100.480648"><ele>335.5</ele></trkpt>
      <trkpt lat="13.583108" lon="100.480811"><ele>336.9</ele></trkpt>
      <trkpt lat="13.583054" lon="100.480975"><ele>338.3</ele></trkpt>
      <trkpt lat="13.583003" lon="100.481139"><ele>339.6</ele></trkpt>
      <trkpt lat="13.582954" lon="100.481304"><ele>341.0</ele></trkpt>
      <trkpt lat="13.582906" lon="100.481469"><ele>342.3</ele></trkpt>
      <trkpt lat="13.582861" lon="100.481634"><ele>343.7</ele></trkpt>
      <trkpt lat="13.582817" lon="100.481800"><ele>345.0</ele></trkpt>
      <trkpt lat="13.582776" lon="100.481966"><ele>346.3</ele></trkpt>
      <trkpt lat="13.582736" lon="100.482133"><ele>347.6</ele></trkpt>
      <trkpt lat="13.582699" lon="100.482299"><ele>348.9</ele></trkpt>
      <trkpt lat="13.582664" lon="100.482466"><ele>350.2</ele></trkpt>
      <trkpt lat="13.582630" lon="100.482634"><ele>351.5</ele></trkpt>
      <trkpt lat="13.582599" lon="100.482801"><ele>352.8</ele></trkpt>
      <trkpt lat="13.582570" lon="100.482969"><ele>354.0</ele></trkpt>
      <trkpt lat="13.582544" lon="100.483137"><ele>355.3</ele></trkpt>
      <trkpt lat="13.582519" lon="100.483305"><ele>356.5</ele></trkpt>
      <trkpt lat="13.582497" lon="100.483473"><ele>357.7</ele></trkpt>
      <trkpt lat="13.582477" lon="100.483641"><ele>358.8</ele></trkpt>
      <trkpt lat="13.582459" lon="100.483809"><ele>360.0</ele></trkpt>
      <trkpt lat="13.582443" lon="100.483978"><ele>361.2</ele></trkpt>
      <trkpt lat="13.582430" lon="100.484146"><ele>362.3</ele></trkpt>
      <trkpt lat="13.582419" lon="100.484315"><ele>363.4</ele></trkpt>
      <trkpt lat="13.582410" lon="100.484483"><ele>364.5</ele></trkpt>
      <trkpt lat="13.582404" lon="100.484651"><ele>365.5</ele></trkpt>
      <trkpt lat="13.582400" lon="100.484820"><ele>366.6</ele></trkpt>
      <trkpt lat="13.582399" lon="100.484988"><ele>367.6</ele></trkpt>
      <trkpt lat="13.582400" lon="100.485156"><ele>368.6</ele></trkpt>
      <trkpt lat="13.582403" lon="100.485323"><ele>369.5</ele></trkpt>
      <trkpt lat="13.582409" lon="100.485491"><ele>370.5</ele></trkpt>
      <trkpt lat="13.582417" lon="100.485658"><ele>371.4</ele></trkpt>
      <trkpt lat="13.582428" lon="100.485826"><ele>372.3</ele></trkpt>
      <trkpt lat="13.582441" lon="100.485992"><ele>373.1</ele></trkpt>
      <trkpt lat="13.582457" lon="100.486159"><ele>373.9</ele></trkpt>
      <trkpt lat="13.582475" lon="100.486325"><ele>374.8</ele></trkpt>
      <trkpt lat="13.582496" lon="100.486491"><ele>375.5</ele></trkpt>
      <trkpt lat="13.582519" lon="100.486656"><ele>376.3</ele></trkpt>
      <trkpt lat="13.582545" lon="100.486821"><ele>377.0</ele></trkpt>
      <trkpt lat="13.582573" lon="100.486986"><ele>377.7</ele></trkpt>
      <trkpt lat="13.582604" lon="100.487150"><ele>378.3</ele></trkpt>
      <trkpt lat="13.582638" lon="100.487313"><ele>379.0</ele></trkpt>
      <trkpt lat="13.582673" lon="100.487476"><ele>379.6</ele></trkpt>
      <trkpt lat="13.582712" lon="100.487639"><ele>380.1</ele></trkpt>
      <trkpt lat="13.582753" lon="100.487801"><ele>380.7</ele></trkpt>
      <trkpt lat="13.582797" lon="100.487962"><ele>381.2</ele></trkpt>
      <trkpt lat="13.582843" lon="100.488122"><ele>381.6</ele></trkpt>
      <trkpt lat="13.582891" lon="100.488282"><ele>382.1</ele></trkpt>
      <trkpt lat="13.582943" lon="100.488441"><ele>382.5</ele></trkpt>
      <trkpt lat="13.582997" lon="100.488599"><ele>382.9</ele></trkpt>
      <trkpt lat="13.583053" lon="100.488757"><ele>383.2</ele></trkpt>
      <trkpt lat="13.583112" lon="100.488914"><ele>383.5</ele></trkpt>
      <trkpt lat="13.583173" lon="100.489069"><ele>383.8</ele></trkpt>
      <trkpt lat="13.583237" lon="100.489224"><ele>384.0</ele></trkpt>
      <trkpt lat="13.583304" lon="100.489379"><ele>384.3</ele></trkpt>
      <trkpt lat="13.583373" lon="100.489532"><ele>384.4</ele></trkpt>
      <trkpt lat="13.583445" lon="100.489684"><ele>384.6</ele></trkpt>
      <trkpt lat="13.583519" lon="100.489835"><ele>384.7</ele></trkpt>
      <trkpt lat="13.583596" lon="100.489985"><ele>384.8</ele></trkpt>
      <trkpt lat="13.583675" lon="100.490134"><ele>384.8</ele></trkpt>
      <trkpt lat="13.583756" lon="100.490282"><ele>384.8</ele></trkpt>
      <trkpt lat="13.583841" lon="100.490429"><ele>384.8</ele></trkpt>
      <trkpt lat="13.583927" lon="100.490575"><ele>384.8</ele></trkpt>
      <trkpt lat="13.584016" lon="100.490720"><ele>384.7</ele></trkpt>
      <trkpt lat="13.584108" lon="100.490864"><ele>384.6</ele></trkpt>
      <trkpt lat="13.584202" lon="100.491006"><ele>384.4</ele></trkpt>
      <trkpt lat="13.584298" lon="100.491147"><ele>384.2</ele></trkpt>
      <trkpt lat="13.584397" lon="100.491287"><ele>384.0</ele></trkpt>
      <trkpt lat="13.584498" lon="100.491425"><ele>383.8</ele></trkpt>
      <trkpt lat="13.584601" lon="100.491563"><ele>383.5</ele></trkpt>
      <trkpt lat="13.584707" lon="100.491698"><ele>383.2</ele></trkpt>
      <trkpt lat="13.584815" lon="100.491833"><ele>382.9</ele></trkpt>
      <trkpt lat="13.584926" lon="100.491966"><ele>382.5</ele></trkpt>
      <trkpt lat="13.585038" lon="100.492098"><ele>382.1</ele></trkpt>
      <trkpt lat="13.585153" lon="100.492228"><ele>381.7</ele></trkpt>
      <trkpt lat="13.585270" lon="100.492357"><ele>381.2</ele></trkpt>
      <trkpt lat="13.585390" lon="100.492485"><ele>380.7</ele></trkpt>
      <trkpt lat="13.585511" lon="100.492611"><ele>380.2</ele></trkpt>
      <trkpt lat="13.585635" lon="100.492735"><ele>379.7</ele></trkpt>
      <trkpt lat="13.585761" lon="100.492858"><ele>379.1</ele></trkpt>
      <trkpt lat="13.585889" lon="100.492980"><ele>378.5</ele></trkpt>
      <trkpt lat="13.586019" lon="100.493099"><ele>377.9</ele></trkpt>
      <trkpt lat="13.586151" lon="100.493218"><ele>377.3</ele></trkpt>
      <trkpt lat="13.586285" lon="100.493334"><ele>376.6</ele></trkpt>
      <trkpt lat="13.586421" lon="100.493450"><ele>375.9</ele></trkpt>
      <trkpt lat="13.586559" lon="100.493563"><ele>375.2</ele></trkpt>
      <trkpt lat="13.586699" lon="100.493675"><ele>374.4</ele></trkpt>
      <trkpt lat="13.586841" lon="100.493785"><ele>373.7</ele></trkpt>
      <trkpt lat="13.586985" lon="100.493893"><ele>372.9</ele></trkpt>
      <trkpt lat="13.587130" lon="100.494000"><ele>372.1</ele></trkpt>
      <trkpt lat="13.587278" lon="100.494105"><ele>371.2</ele></trkpt>
      <trkpt lat="13.587427" lon="100.494209"><ele>370.4</ele></trkpt>
      <trkpt lat="13.587578" lon="100.494310"><ele>369.5</ele></trkpt>
      <trkpt lat="13.587730" lon="100.494410"><ele>368.6</ele></trkpt>
      <trkpt lat="13.587885" lon="100.494509"><ele>367.7</ele></trkpt>
      <trkpt lat="13.588041" lon="100.494605"><ele>366.8</ele></trkpt>
      <trkpt lat="13.588198" lon="100.494700"><ele>365.8</ele></trkpt>
      <trkpt lat="13.588357" lon="100.494793"><ele>364.9</ele></trkpt>
      <trkpt lat="13.588518" lon="100.494884"><ele>363.9</ele></trkpt>
      <trkpt lat="13.588680" lon="100.494973"><ele>362.9</ele></trkpt>
      <trkpt lat="13.588843" lon="100.495061"><ele>361.9</ele></trkpt>
      <trkpt lat="13.589008" lon="100.495147"><ele>360.9</ele></trkpt>
      <trkpt lat="13.589174" lon="100.495231"><ele>359.8</ele></trkpt>
      <trkpt lat="13.589342" lon="100.495313"><ele>358.8</ele></trkpt>
      <trkpt lat="13.589510" lon="100.495394"><ele>357.7</ele></trkpt>
      <trkpt lat="13.589680" lon="100.495472"><ele>356.6</ele></trkpt>
      <trkpt lat="13.589852" lon="100.495549"><ele>355.6</ele></trkpt>
      <trkpt lat="13.590024" lon="100.495624"><ele>354.5</ele></trkpt>
      <trkpt lat="13.590197" lon="100.495698"><ele>353.4</ele></trkpt>
      <trkpt lat="13.590372" lon="100.495769"><ele>352.3</ele></trkpt>
      <trkpt lat="13.590548" lon="100.495839"><ele>351.2</ele></trkpt>
      <trkpt lat="13.590724" lon="100.495907"><ele>350.0</ele></trkpt>
      <trkpt lat="13.590902" lon="100.495973"><ele>348.9</ele></trkpt>
      <trkpt lat="13.591080" lon="100.496037"><ele>347.8</ele></trkpt>
      <trkpt lat="13.591260" lon="100.496100"><ele>346.6</ele></trkpt>
      <trkpt lat="13.591440" lon="100.496160"><ele>345.5</ele></trkpt>
      <trkpt lat="13.591621" lon="100.496220"><ele>344.4</ele></trkpt>
      <trkpt lat="13.591802" lon="100.496277"><ele>343.2</ele></trkpt>
      <trkpt lat="13.591985" lon="100.496332"><ele>342.1</ele></trkpt>
      <trkpt lat="13.592168" lon="100.496386"><ele>340.9</ele></trkpt>
      <trkpt lat="13.592351" lon="100.496438"><ele>339.8</ele></trkpt>
      <trkpt lat="13.592536" lon="100.496489"><ele>338.6</ele></trkpt>
      <trkpt lat="13.592720" lon="100.496538"><ele>337.5</ele></trkpt>
      <trkpt lat="13.592905" lon="100.496585"><ele>336.4</ele></trkpt>
      <trkpt lat="13.593091" lon="100.496630"><ele>335.2</ele></trkpt>
      <trkpt lat="13.593277" lon="100.496674"><ele>334.1</ele></trkpt>
      <trkpt lat="13.593463" lon="100.496716"><ele>333.0</ele></trkpt>
      <trkpt lat="13.593650" lon="100.496756"><ele>331.8</ele></trkpt>
      <trkpt lat="13.593837" lon="100.496795"><ele>330.7</ele></trkpt>
      <trkpt lat="13.594024" lon="100.496832"><ele>329.6</ele></trkpt>
      <trkpt lat="13.594211" lon="100.496868"><ele>328.5</ele></trkpt>
      <trkpt lat="13.594398" lon="100.496902"><ele>327.4</ele></trkpt>
      <trkpt lat="13.594586" lon="100.496935"><ele>326.3</ele></trkpt>
      <trkpt lat="13.594773" lon="100.496966"><ele>325.2</ele></trkpt>
      <trkpt lat="13.594961" lon="100.496995"><ele>324.1</ele></trkpt>
      <trkpt lat="13.595148" lon="100.497024"><ele>323.0</ele></trkpt>
      <trkpt lat="13.595336" lon="100.497050"><ele>322.0</ele></trkpt>
      <trkpt lat="13.595523" lon="100.497076"><ele>320.9</ele></trkpt>
      <trkpt lat="13.595710" lon="100.497100"><ele>319.9</ele></trkpt>
      <trkpt lat="13.595897" lon="100.497122"><ele>318.9</ele></trkpt>
      <trkpt lat="13.596083" lon="100.497143"><ele>317.8</ele></trkpt>
      <trkpt lat="13.596270" lon="100.497163"><ele>316.8</ele></trkpt>
      <trkpt lat="13.596456" lon="100.497182"><ele>315.8</ele></trkpt>
      <trkpt lat="13.596641" lon="100.497199"><ele>314.9</ele></trkpt>
      <trkpt lat="13.596827" lon="100.497215"><ele>313.9</ele></trkpt>
      <trkpt lat="13.597011" lon="100.497230"><ele>312.9</ele></trkpt>
      <trkpt lat="13.597196" lon="100.497244"><ele>312.0</ele></trkpt>
      <trkpt lat="13.597379" lon="100.497257"><ele>311.1</ele></trkpt>
      <trkpt lat="13.597563" lon="100.497268"><ele>310.2</ele></trkpt>
      <trkpt lat="13.597745" lon="100.497278"><ele>309.3</ele></trkpt>
      <trkpt lat="13.597927" lon="100.497288"><ele>308.4</ele></trkpt>
      <trkpt lat="13.598109" lon="100.497296"><ele>307.5</ele></trkpt>
      <trkpt lat="13.598289" lon="100.497303"><ele>306.7</ele></trkpt>
      <trkpt lat="13.598469" lon="100.497310"><ele>305.8</ele></trkpt>
      <trkpt lat="13.598648" lon="100.497315"><ele>305.0</ele></trkpt>
      <trkpt lat="13.598826" lon="100.497320"><ele>304.2</ele></trkpt>
      <trkpt lat="13.599004" lon="100.497324"><ele>303.4</ele></trkpt>
      <trkpt lat="13.599180" lon="100.497327"><ele>302.6</ele></trkpt>
      <trkpt lat="13.599356" lon="100.497329"><ele>301.9</ele></trkpt>
      <trkpt lat="13.599531" lon="100.497330"><ele>301.2</ele></trkpt>
      <trkpt lat="13.599704" lon="100.497331"><ele>300.4</ele></trkpt>
      <trkpt lat="13.599877" lon="100.497331"><ele>299.7</ele></trkpt>
      <trkpt lat="13.600049" lon="100.497330"><ele>299.0</ele></trkpt>
      <trkpt lat="13.600219" lon="100.497329"><ele>298.4</ele></trkpt>
      <trkpt lat="13.600389" lon="100.497327"><ele>297.7</ele></trkpt>
      <trkpt lat="13.600557" lon="100.497325"><ele>297.1</ele></trkpt>
      <trkpt lat="13.600725" lon="100.497322"><ele>296.4</ele></trkpt>
      <trkpt lat="13.600891" lon="100.497319"><ele>295.8</ele></trkpt>
      <trkpt lat="13.601056" lon="100.497316"><ele>295.2</ele></trkpt>
      <trkpt lat="13.601220" lon="100.497312"><ele>294.6</ele></trkpt>
      <trkpt lat="13.601382" lon="100.497307"><ele>294.1</ele></trkpt>
      <trkpt lat="13.601543" lon="100.497303"><ele>293.5</ele></trkpt>
      <trkpt lat="13.601703" lon="100.497298"><ele>293.0</ele></trkpt>
      <trkpt lat="13.601862" lon="100.497293"><ele>292.5</ele></trkpt>
      <trkpt lat="13.602019" lon="100.497288"><ele>292.0</ele></trkpt>
      <trkpt lat="13.602175" lon="100.497283"><ele>291.5</ele></trkpt>
      <trkpt lat="13.602330" lon="100.497277"><ele>291.0</ele></trkpt>
      <trkpt lat="13.602483" lon="100.497272"><ele>290.6</ele></trkpt>
      <trkpt lat="13.602635" lon="100.497266"><ele>290.1</ele></trkpt>
      <trkpt lat="13.602785" lon="100.497261"><ele>289.7</ele></trkpt>
      <trkpt lat="13.602934" lon="100.497256"><ele>289.3</ele></trkpt>
      <trkpt lat="13.603082" lon="100.497251"><ele>288.9</ele></trkpt>
      <trkpt lat="13.603228" lon="100.497246"><ele>288.5</ele></trkpt>
      <trkpt lat="13.603373" lon="100.497241"><ele>288.1</ele></trkpt>
      <trkpt lat="13.603516" lon="100.497236"><ele>287.8</ele></trkpt>
      <trkpt lat="13.603657" lon="100.497232"><ele>287.4</ele></trkpt>
      <trkpt lat="13.603798" lon="100.497228"><ele>287.1</ele></trkpt>
      <trkpt lat="13.603936" lon="100.497224"><ele>286.7</ele></trkpt>
      <trkpt lat="13.604073" lon="100.497221"><ele>286.4</ele></trkpt>
      <trkpt lat="13.604209" lon="100.497218"><ele>286.1</ele></trkpt>
      <trkpt lat="13.604343" lon="100.497216"><ele>285.8</ele></trkpt>
      <trkpt lat="13.604475" lon="100.497214"><ele>285.5</ele></trkpt>
      <trkpt lat="13.604606" lon="100.497212"><ele>285.2</ele></trkpt>
      <trkpt lat="13.604736" lon="100.497212"><ele>284.9</ele></trkpt>
      <trkpt lat="13.604863" lon="100.497212"><ele>284.6</ele></trkpt>
      <trkpt lat="13.604990" lon="100.497212"><ele>284.4</ele></trkpt>
      <trkpt lat="13.605114" lon="100.497213"><ele>284.1</ele></trkpt>
      <trkpt lat="13.605237" lon="100.497215"><ele>283.9</ele></trkpt>
      <trkpt lat="13.605359" lon="100.497218"><ele>283.6</ele></trkpt>
      <trkpt lat="13.605479" lon="100.497222"><ele>283.4</ele></trkpt>
      <trkpt lat="13.605597" lon="100.497226"><ele>283.1</ele></trkpt>
      <trkpt lat="13.605714" lon="100.497231"><ele>282.9</ele></trkpt>
      <trkpt lat="13.605829" lon="100.497238"><ele>282.6</ele></trkpt>
      <trkpt lat="13.605943" lon="100.497245"><ele>282.4</ele></trkpt>
      <trkpt lat="13.606055" lon="100.497253"><ele>282.2</ele></trkpt>
      <trkpt lat="13.606166" lon="100.497262"><ele>281.9</ele></trkpt>
      <trkpt lat="13.606275" lon="100.497272"><ele>281.7</ele></trkpt>
      <trkpt lat="13.606383" lon="100.497284"><ele>281.5</ele></trkpt>
      <trkpt lat="13.606489" lon="100.497296"><ele>281.2</ele></trkpt>
      <trkpt lat="13.606593" lon="100.497310"><ele>281.0</ele></trkpt>
      <trkpt lat="13.606696" lon="100.497324"><ele>280.8</ele></trkpt>
      <trkpt lat="13.606798" lon="100.497340"><ele>280.5</ele></trkpt>
      <trkpt lat="13.606898" lon="100.497358"><ele>280.3</ele></trkpt>
      <trkpt lat="13.606996" lon="100.497376"><ele>280.0</ele></trkpt>
      <trkpt lat="13.607093" lon="100.497396"><ele>279.8</ele></trkpt>
      <trkpt lat="13.607189" lon="100.497417"><ele>279.5</ele></trkpt>
      <trkpt lat="13.607283" lon="100.497439"><ele>279.2</ele></trkpt>
      <trkpt lat="13.607376" lon="100.497463"><ele>279.0</ele></trkpt>
      <trkpt lat="13.607467" lon="100.497488"><ele>278.7</ele></trkpt>
      <trkpt lat="13.607557" lon="100.497515"><ele>278.4</ele></trkpt>
      <trkpt lat="13.607646" lon="100.497543"><ele>278.1</ele></trkpt>
      <trkpt lat="13.607733" lon="100.497572"><ele>277.8</ele></trkpt>
      <trkpt lat="13.607819" lon="100.497604"><ele>277.5</ele></trkpt>
      <trkpt lat="13.607904" lon="100.497636"><ele>277.2</ele></trkpt>
      <trkpt lat="13.607987" lon="100.497670"><ele>276.8</ele></trkpt>
      <trkpt lat="13.608069" lon="100.497706"><ele>276.5</ele></trkpt>
      <trkpt lat="13.608150" lon="100.497743"><ele>276.1</ele></trkpt>
      <trkpt lat="13.608230" lon="100.497782"><ele>275.8</ele></trkpt>
      <trkpt lat="13.608308" lon="100.497822"><ele>275.4</ele></trkpt>
      <trkpt lat="13.608385" lon="100.497865"><ele>275.0</ele></trkpt>
      <trkpt lat="13.608461" lon="100.497908"><ele>274.6</ele></trkpt>
      <trkpt lat="13.608536" lon="100.497954"><ele>274.2</ele></trkpt>
      <trkpt lat="13.608610" lon="100.498001"><ele>273.7</ele></trkpt>
      <trkpt lat="13.608682" lon="100.498050"><ele>273.3</ele></trkpt>
      <trkpt lat="13.608754" lon="100.498100"><ele>272.8</ele></trkpt>
      <trkpt lat="13.608825" lon="100.498152"><ele>272.3</ele></trkpt>
      <trkpt lat="13.608894" lon="100.498206"><ele>271.8</ele></trkpt>
      <trkpt lat="13.608963" lon="100.498262"><ele>271.3</ele></trkpt>
      <trkpt lat="13.609030" lon="100.498319"><ele>270.7</ele></trkpt>
      <trkpt lat="13.609097" lon="100.498378"><ele>270.2</ele></trkpt>
      <trkpt lat="13.609162" lon="100.498439"><ele>269.6</ele></trkpt>
      <trkpt lat="13.609227" lon="100.498502"><ele>269.0</ele></trkpt>
      <trkpt lat="13.609291" lon="100.498567"><ele>268.4</ele></trkpt>
      <trkpt lat="13.609354" lon="100.498633"><ele>267.8</ele></trkpt>
      <trkpt lat="13.609417" lon="100.498701"><ele>267.1</ele></trkpt>
      <trkpt lat="13.609478" lon="100.498771"><ele>266.5</ele></trkpt>
      <trkpt lat="13.609539" lon="100.498842"><ele>265.8</ele></trkpt>
      <trkpt lat="13.609599" lon="100.498916"><ele>265.0</ele></trkpt>
      <trkpt lat="13.609658" lon="100.498991"><ele>264.3</ele></trkpt>
      <trkpt lat="13.609717" lon="100.499068"><ele>263.6</ele></trkpt>
      <trkpt lat="13.609775" lon="100.499147"><ele>262.8</ele></trkpt>
      <trkpt lat="13.609833" lon="100.499227"><ele>262.0</ele></trkpt>
      <trkpt lat="13.609890" lon="100.499310"><ele>261.2</ele></trkpt>
      <trkpt lat="13.609946" lon="100.499394"><ele>260.3</ele></trkpt>
      <trkpt lat="13.610002" lon="100.499480"><ele>259.5</ele></trkpt>
      <trkpt lat="13.610058" lon="100.499567"><ele>258.6</ele></trkpt>
      <trkpt lat="13.610113" lon="100.499657"><ele>257.7</ele></trkpt>
      <trkpt lat="13.610168" lon="100.499748"><ele>256.8</ele></trkpt>
      <trkpt lat="13.610222" lon="100.499841"><ele>255.8</ele></trkpt>
      <trkpt lat="13.610276" lon="100.499935"><ele>254.8</ele></trkpt>
      <trkpt lat="13.610330" lon="100.500032"><ele>253.8</ele></trkpt>
      <trkpt lat="13.610383" lon="100.500130"><ele>252.8</ele></trkpt>
      <trkpt lat="13.610436" lon="100.500230"><ele>251.8</ele></trkpt>
      <trkpt lat="13.610489" lon="100.500331"><ele>250.7</ele></trkpt>
      <trkpt lat="13.610542" lon="100.500434"><ele>249.7</ele></trkpt>
      <trkpt lat="13.610594" lon="100.500539"><ele>248.6</ele></trkpt>
      <trkpt lat="13.610647" lon="100.500645"><ele>247.4</ele></trkpt>
      <trkpt lat="13.610699" lon="100.500753"><ele>246.3</ele></trkpt>
      <trkpt lat="13.610752" lon="100.500863"><ele>245.1</ele></trkpt>
      <trkpt lat="13.610804" lon="100.500974"><ele>243.9</ele></trkpt>
      <trkpt lat="13.610856" lon="100.501087"><ele>242.7</ele></trkpt>
      <trkpt lat="13.610909" lon="100.501201"><ele>241.5</ele></trkpt>
      <trkpt lat="13.610961" lon="100.501317"><ele>240.2</ele></trkpt>
      <trkpt lat="13.611014" lon="100.501434"><ele>239.0</ele></trkpt>
      <trkpt lat="13.611066" lon="100.501553"><ele>237.7</ele></trkpt>
      <trkpt lat="13.611119" lon="100.501673"><ele>236.4</ele></trkpt>
      <trkpt lat="13.611172" lon="100.501795"><ele>235.1</ele></trkpt>
      <trkpt lat="13.611225" lon="100.501918"><ele>233.7</ele></trkpt>
      <trkpt lat="13.611279" lon="100.502042"><ele>232.4</ele></trkpt>
      <trkpt lat="13.611333" lon="100.502168"><ele>231.0</ele></trkpt>
      <trkpt lat="13.611387" lon="100.502295"><ele>229.6</ele></trkpt>
      <trkpt lat="13.611441" lon="100.502423"><ele>228.2</ele></trkpt>
      <trkpt lat="13.611496" lon="100.502553"><ele>226.7</ele></trkpt>
      <trkpt lat="13.611551" lon="100.502684"><ele>225.3</ele></trkpt>
      <trkpt lat="13.611607" lon="100.502816"><ele>223.8</ele></trkpt>
      <trkpt lat="13.611663" lon="100.502949"><ele>222.3</ele></trkpt>
      <trkpt lat="13.611719" lon="100.503083"><ele>220.9</ele></trkpt>
      <trkpt lat="13.611776" lon="100.503219"><ele>219.3</ele></trkpt>
      <trkpt lat="13.611834" lon="100.503355"><ele>217.8</ele></trkpt>
      <trkpt lat="13.611892" lon="100.503493"><ele>216.3</ele></trkpt>
      <trkpt lat="13.611951" lon="100.503631"><ele>214.8</ele></trkpt>
      <trkpt lat="13.612010" lon="100.503771"><ele>213.2</ele></trkpt>
      <trkpt lat="13.612070" lon="100.503911"><ele>211.6</ele></trkpt>
      <trkpt lat="13.612130" lon="100.504053"><ele>210.1</ele></trkpt>
      <trkpt lat="13.612192" lon="100.504195"><ele>208.5</ele></trkpt>
      <trkpt lat="13.612253" lon="100.504338"><ele>206.9</ele></trkpt>
      <trkpt lat="13.612316" lon="100.504482"><ele>205.3</ele></trkpt>
      <trkpt lat="13.612379" lon="100.504626"><ele>203.7</ele></trkpt>
      <trkpt lat="13.612444" lon="100.504771"><ele>202.1</ele></trkpt>
      <trkpt lat="13.612509" lon="100.504917"><ele>200.5</ele></trkpt>
      <trkpt lat="13.612574" lon="100.505064"><ele>198.8</ele></trkpt>
      <trkpt lat="13.612641" lon="100.505211"><ele>197.2</ele></trkpt>
      <trkpt lat="13.612708" lon="100.505359"><ele>195.6</ele></trkpt>
      <trkpt lat="13.612777" lon="100.505507"><ele>193.9</ele></trkpt>
      <trkpt lat="13.612846" lon="100.505656"><ele>192.3</ele></trkpt>
      <trkpt lat="13.612916" lon="100.505805"><ele>190.7</ele></trkpt>
      <trkpt lat="13.612987" lon="100.505955"><ele>189.0</ele></trkpt>
      <trkpt lat="13.613058" lon="100.506105"><ele>187.4</ele></trkpt>
      <trkpt lat="13.613131" lon="100.506255"><ele>185.8</ele></trkpt>
      <trkpt lat="13.613205" lon="100.506406"><ele>184.1</ele></trkpt>
      <trkpt lat="13.613280" lon="100.506556"><ele>182.5</ele></trkpt>
      <trkpt lat="13.613356" lon="100.506707"><ele>180.9</ele></trkpt>
      <trkpt lat="13.613432" lon="100.506858"><ele>179.2</ele></trkpt>
      <trkpt lat="13.613510" lon="100.507010"><ele>177.6</ele></trkpt>
      <trkpt lat="13.613589" lon="100.507161"><ele>176.0</ele></trkpt>
      <trkpt lat="13.613669" lon="100.507312"><ele>174.4</ele></trkpt>
      <trkpt lat="13.613750" lon="100.507463"><ele>172.8</ele></trkpt>
      <trkpt lat="13.613832" lon="100.507614"><ele>171.2</ele></trkpt>
      <trkpt lat="13.613915" lon="100.507766"><ele>169.7</ele></trkpt>
      <trkpt lat="13.613999" lon="100.507916"><ele>168.1</ele></trkpt>
      <trkpt lat="13.614084" lon="100.508067"><ele>166.5</ele></trkpt>
      <trkpt lat="13.614170" lon="100.508218"><ele>165.0</ele></trkpt>
      <trkpt lat="13.614257" lon="100.508368"><ele>163.5</ele></trkpt>
      <trkpt lat="13.614346" lon="100.508518"><ele>162.0</ele></trkpt>
      <trkpt lat="13.614435" lon="100.508667"><ele>160.5</ele></trkpt>
      <trkpt lat="13.614526" lon="100.508816"><ele>159.0</ele></trkpt>
      <trkpt lat="13.614618" lon="100.508965"><ele>157.5</ele></trkpt>
      <trkpt lat="13.614711" lon="100.509113"><ele>156.1</ele></trkpt>
      <trkpt lat="13.614805" lon="100.509261"><ele>154.6</ele></trkpt>
      <trkpt lat="13.614900" lon="100.509408"><ele>153.2</ele></trkpt>
      <trkpt lat="13.614996" lon="100.509554"><ele>151.8</ele></trkpt>
      <trkpt lat="13.615094" lon="100.509700"><ele>150.5</ele></trkpt>
      <trkpt lat="13.615192" lon="100.509845"><ele>149.1</ele></trkpt>
      <trkpt lat="13.615292" lon="100.509990"><ele>147.8</ele></trkpt>
      <trkpt lat="13.615393" lon="100.510133"><ele>146.5</ele></trkpt>
      <trkpt lat="13.615495" lon="100.510276"><ele>145.2</ele></trkpt>
      <trkpt lat="13.615598" lon="100.510418"><ele>144.0</ele></trkpt>
      <trkpt lat="13.615702" lon="100.510559"><ele>142.7</ele></trkpt>
      <trkpt lat="13.615808" lon="100.510699"><ele>141.5</ele></trkpt>
      <trkpt lat="13.615914" lon="100.510838"><ele>140.3</ele></trkpt>
      <trkpt lat="13.616022" lon="100.510976"><ele>139.2</ele></trkpt>
      <trkpt lat="13.616131" lon="100.511113"><ele>138.1</ele></trkpt>
      <trkpt lat="13.616240" lon="100.511249"><ele>137.0</ele></trkpt>
      <trkpt lat="13.616351" lon="100.511384"><ele>135.9</ele></trkpt>
      <trkpt lat="13.616463" lon="100.511517"><ele>134.9</ele></trkpt>
      <trkpt lat="13.616576" lon="100.511650"><ele>133.9</ele></trkpt>
      <trkpt lat="13.616691" lon="100.511781"><ele>132.9</ele></trkpt>
      <trkpt lat="13.616806" lon="100.511911"><ele>132.0</ele></trkpt>
      <trkpt lat="13.616922" lon="100.512039"><ele>131.0</ele></trkpt>
      <trkpt lat="13.617039" lon="100.512166"><ele>130.2</ele></trkpt>
      <trkpt lat="13.617158" lon="100.512292"><ele>129.3</ele></trkpt>
      <trkpt lat="13.617277" lon="100.512417"><ele>128.5</ele></trkpt>
      <trkpt lat="13.617398" lon="100.512540"><ele>127.7</ele></trkpt>
      <trkpt lat="13.617519" lon="100.512661"><ele>127.0</ele></trkpt>
      <trkpt lat="13.617642" lon="100.512781"><ele>126.3</ele></trkpt>
      <trkpt lat="13.617765" lon="100.512900"><ele>125.6</ele></trkpt>
      <trkpt lat="13.617889" lon="100.513017"><ele>125.0</ele></trkpt>
      <trkpt lat="13.618015" lon="100.513132"><ele>124.4</ele></trkpt>
      <trkpt lat="13.618141" lon="100.513245"><ele>123.8</ele></trkpt>
      <trkpt lat="13.618268" lon="100.513357"><ele>123.3</ele></trkpt>
      <trkpt lat="13.618396" lon="100.513468"><ele>122.8</ele></trkpt>
      <trkpt lat="13.618526" lon="100.513576"><ele>122.4</ele></trkpt>
      <trkpt lat="13.618655" lon="100.513683"><ele>122.0</ele></trkpt>
      <trkpt lat="13.618786" lon="100.513788"><ele>121.6</ele></trkpt>
      <trkpt lat="13.618918" lon="100.513891"><ele>121.3</ele></trkpt>
      <trkpt lat="13.619050" lon="100.513993"><ele>121.0</ele></trkpt>
      <trkpt lat="13.619184" lon="100.514092"><ele>120.7</ele></trkpt>
      <trkpt lat="13.619318" lon="100.514190"><ele>120.5</ele></trkpt>
      <trkpt lat="13.619453" lon="100.514286"><ele>120.3</ele></trkpt>
      <trkpt lat="13.619589" lon="100.514380"><ele>120.2</ele></trkpt>
      <trkpt lat="13.619725" lon="100.514472"><ele>120.1</ele></trkpt>
      <trkpt lat="13.619862" lon="100.514562"><ele>120.0</ele></trkpt>
      <trkpt lat="13.620000" lon="100.514650"><ele>120.0</ele></trkpt>
    </trkseg>
  </trk>
</gpx>
